Date,Time,Zone,Tide height 
2026-06-09  ,00:01 ,HST ,0.952349
2026-06-09  ,00:16 ,HST ,0.866207
2026-06-09  ,00:31 ,HST ,0.780773
2026-06-09  ,00:46 ,HST ,0.697265
2026-06-09  ,01:01 ,HST ,0.616607
2026-06-09  ,01:16 ,HST ,0.539700
2026-06-09  ,01:31 ,HST ,0.467647
2026-06-09  ,01:46 ,HST ,0.401239
2026-06-09  ,02:01 ,HST ,0.341216
2026-06-09  ,02:16 ,HST ,0.288426
2026-06-09  ,02:31 ,HST ,0.243420
2026-06-09  ,02:46 ,HST ,0.206713
2026-06-09  ,03:01 ,HST ,0.178683
2026-06-09  ,03:16 ,HST ,0.159675
2026-06-09  ,03:31 ,HST ,0.149815
2026-06-09  ,03:46 ,HST ,0.149071
2026-06-09  ,04:01 ,HST ,0.156776
2026-06-09  ,04:16 ,HST ,0.172618
2026-06-09  ,04:31 ,HST ,0.196318
2026-06-09  ,04:46 ,HST ,0.227463
2026-06-09  ,05:01 ,HST ,0.265661
2026-06-09  ,05:16 ,HST ,0.310337
2026-06-09  ,05:31 ,HST ,0.360869
2026-06-09  ,05:46 ,HST ,0.416572
2026-06-09  ,06:01 ,HST ,0.476632
2026-06-09  ,06:16 ,HST ,0.540400
2026-06-09  ,06:31 ,HST ,0.606987
2026-06-09  ,06:46 ,HST ,0.675549
2026-06-09  ,07:01 ,HST ,0.745151
2026-06-09  ,07:16 ,HST ,0.815099
2026-06-09  ,07:31 ,HST ,0.884475
2026-06-09  ,07:46 ,HST ,0.952464
2026-06-09  ,08:01 ,HST ,1.018215
2026-06-09  ,08:16 ,HST ,1.081147
2026-06-09  ,08:31 ,HST ,1.140511
2026-06-09  ,08:46 ,HST ,1.195700
2026-06-09  ,09:01 ,HST ,1.246181
2026-06-09  ,09:16 ,HST ,1.291455
2026-06-09  ,09:31 ,HST ,1.331260
2026-06-09  ,09:46 ,HST ,1.365271
2026-06-09  ,10:01 ,HST ,1.393306
2026-06-09  ,10:16 ,HST ,1.415263
2026-06-09  ,10:31 ,HST ,1.431204
2026-06-09  ,10:46 ,HST ,1.441208
2026-06-09  ,11:01 ,HST ,1.445472
2026-06-09  ,11:16 ,HST ,1.442788
2026-06-09  ,11:31 ,HST ,1.429763
2026-06-09  ,11:46 ,HST ,1.407197
2026-06-09  ,12:01 ,HST ,1.376231
2026-06-09  ,12:16 ,HST ,1.338101
2026-06-09  ,12:31 ,HST ,1.294278
2026-06-09  ,12:46 ,HST ,1.246194
2026-06-09  ,13:01 ,HST ,1.195312
2026-06-09  ,13:16 ,HST ,1.143282
2026-06-09  ,13:31 ,HST ,1.091529
2026-06-09  ,13:46 ,HST ,1.041658
2026-06-09  ,14:01 ,HST ,0.995040
2026-06-09  ,14:16 ,HST ,0.952964
2026-06-09  ,14:31 ,HST ,0.916732
2026-06-09  ,14:46 ,HST ,0.887363
2026-06-09  ,15:01 ,HST ,0.865736
2026-06-09  ,15:16 ,HST ,0.852614
2026-06-09  ,15:31 ,HST ,0.848481
2026-06-09  ,15:46 ,HST ,0.852261
2026-06-09  ,16:01 ,HST ,0.862915
2026-06-09  ,16:16 ,HST ,0.880345
2026-06-09  ,16:31 ,HST ,0.904347
2026-06-09  ,16:46 ,HST ,0.934571
2026-06-09  ,17:01 ,HST ,0.970579
2026-06-09  ,17:16 ,HST ,1.011681
2026-06-09  ,17:31 ,HST ,1.057190
2026-06-09  ,17:46 ,HST ,1.106334
2026-06-09  ,18:01 ,HST ,1.158076
2026-06-09  ,18:16 ,HST ,1.211465
2026-06-09  ,18:31 ,HST ,1.265495
2026-06-09  ,18:46 ,HST ,1.318924
2026-06-09  ,19:01 ,HST ,1.370668
2026-06-09  ,19:16 ,HST ,1.419568
2026-06-09  ,19:31 ,HST ,1.464520
2026-06-09  ,19:46 ,HST ,1.504292
2026-06-09  ,20:01 ,HST ,1.537854
2026-06-09  ,20:16 ,HST ,1.564209
2026-06-09  ,20:31 ,HST ,1.582353
2026-06-09  ,20:46 ,HST ,1.591472
2026-06-09  ,21:01 ,HST ,1.591320
2026-06-09  ,21:16 ,HST ,1.583666
2026-06-09  ,21:31 ,HST ,1.568477
2026-06-09  ,21:46 ,HST ,1.545492
2026-06-09  ,22:01 ,HST ,1.514615
2026-06-09  ,22:16 ,HST ,1.475910
2026-06-09  ,22:31 ,HST ,1.429439
2026-06-09  ,22:46 ,HST ,1.375515
2026-06-09  ,23:01 ,HST ,1.314540
2026-06-09  ,23:16 ,HST ,1.247115
2026-06-09  ,23:31 ,HST ,1.173736
2026-06-09  ,23:46 ,HST ,1.095223
2026-06-10  ,00:01 ,HST ,1.012520
2026-06-10  ,00:16 ,HST ,0.926384
2026-06-10  ,00:31 ,HST ,0.837917
2026-06-10  ,00:46 ,HST ,0.748289
2026-06-10  ,01:01 ,HST ,0.658422
2026-06-10  ,01:16 ,HST ,0.569559
2026-06-10  ,01:31 ,HST ,0.482949
2026-06-10  ,01:46 ,HST ,0.399552
2026-06-10  ,02:01 ,HST ,0.320591
2026-06-10  ,02:16 ,HST ,0.247224
2026-06-10  ,02:31 ,HST ,0.180318
2026-06-10  ,02:46 ,HST ,0.120906
2026-06-10  ,03:01 ,HST ,0.069851
2026-06-10  ,03:16 ,HST ,0.027949
2026-06-10  ,03:31 ,HST ,-0.004247
2026-06-10  ,03:46 ,HST ,-0.026172
2026-06-10  ,04:01 ,HST ,-0.037437
2026-06-10  ,04:16 ,HST ,-0.037934
2026-06-10  ,04:31 ,HST ,-0.028307
2026-06-10  ,04:46 ,HST ,-0.008773
2026-06-10  ,05:01 ,HST ,0.020550
2026-06-10  ,05:16 ,HST ,0.059364
2026-06-10  ,05:31 ,HST ,0.107269
2026-06-10  ,05:46 ,HST ,0.163753
2026-06-10  ,06:01 ,HST ,0.228203
2026-06-10  ,06:16 ,HST ,0.299818
2026-06-10  ,06:31 ,HST ,0.377964
2026-06-10  ,06:46 ,HST ,0.461686
2026-06-10  ,07:01 ,HST ,0.550044
2026-06-10  ,07:16 ,HST ,0.642046
2026-06-10  ,07:31 ,HST ,0.736661
2026-06-10  ,07:46 ,HST ,0.832833
2026-06-10  ,08:01 ,HST ,0.929390
2026-06-10  ,08:16 ,HST ,1.025493
2026-06-10  ,08:31 ,HST ,1.119991
2026-06-10  ,08:46 ,HST ,1.211877
2026-06-10  ,09:01 ,HST ,1.300193
2026-06-10  ,09:16 ,HST ,1.384037
2026-06-10  ,09:31 ,HST ,1.462497
2026-06-10  ,09:46 ,HST ,1.535006
2026-06-10  ,10:01 ,HST ,1.600819
2026-06-10  ,10:16 ,HST ,1.659383
2026-06-10  ,10:31 ,HST ,1.710256
2026-06-10  ,10:46 ,HST ,1.753103
2026-06-10  ,11:01 ,HST ,1.787711
2026-06-10  ,11:16 ,HST ,1.813954
2026-06-10  ,11:31 ,HST ,1.831914
2026-06-10  ,11:46 ,HST ,1.841690
2026-06-10  ,12:01 ,HST ,1.843360
2026-06-10  ,12:16 ,HST ,1.834018
2026-06-10  ,12:31 ,HST ,1.813132
2026-06-10  ,12:46 ,HST ,1.781662
2026-06-10  ,13:01 ,HST ,1.740665
2026-06-10  ,13:16 ,HST ,1.691463
2026-06-10  ,13:31 ,HST ,1.635353
2026-06-10  ,13:46 ,HST ,1.573679
2026-06-10  ,14:01 ,HST ,1.508040
2026-06-10  ,14:16 ,HST ,1.439863
2026-06-10  ,14:31 ,HST ,1.370560
2026-06-10  ,14:46 ,HST ,1.301737
2026-06-10  ,15:01 ,HST ,1.234721
2026-06-10  ,15:16 ,HST ,1.170763
2026-06-10  ,15:31 ,HST ,1.111213
2026-06-10  ,15:46 ,HST ,1.057085
2026-06-10  ,16:01 ,HST ,1.009267
2026-06-10  ,16:16 ,HST ,0.968635
2026-06-10  ,16:31 ,HST ,0.935729
2026-06-10  ,16:46 ,HST ,0.910931
2026-06-10  ,17:01 ,HST ,0.894505
2026-06-10  ,17:16 ,HST ,0.886429
2026-06-10  ,17:31 ,HST ,0.886802
2026-06-10  ,17:46 ,HST ,0.896787
2026-06-10  ,18:01 ,HST ,0.915972
2026-06-10  ,18:16 ,HST ,0.943510
2026-06-10  ,18:31 ,HST ,0.978376
2026-06-10  ,18:46 ,HST ,1.019382
2026-06-10  ,19:01 ,HST ,1.065251
2026-06-10  ,19:16 ,HST ,1.114422
2026-06-10  ,19:31 ,HST ,1.165394
2026-06-10  ,19:46 ,HST ,1.216543
2026-06-10  ,20:01 ,HST ,1.266198
2026-06-10  ,20:16 ,HST ,1.312672
2026-06-10  ,20:31 ,HST ,1.354286
2026-06-10  ,20:46 ,HST ,1.389436
2026-06-10  ,21:01 ,HST ,1.416466
2026-06-10  ,21:16 ,HST ,1.433938
2026-06-10  ,21:31 ,HST ,1.440493
2026-06-10  ,21:46 ,HST ,1.437619
2026-06-10  ,22:01 ,HST ,1.427895
2026-06-10  ,22:16 ,HST ,1.410862
2026-06-10  ,22:31 ,HST ,1.386177
2026-06-10  ,22:46 ,HST ,1.353626
2026-06-10  ,23:01 ,HST ,1.313135
2026-06-10  ,23:16 ,HST ,1.264772
2026-06-10  ,23:31 ,HST ,1.208752
2026-06-10  ,23:46 ,HST ,1.145433
2026-06-11  ,00:01 ,HST ,1.075316
2026-06-11  ,00:16 ,HST ,0.999038
2026-06-11  ,00:31 ,HST ,0.917365
2026-06-11  ,00:46 ,HST ,0.831183
2026-06-11  ,01:01 ,HST ,0.741483
2026-06-11  ,01:16 ,HST ,0.649349
2026-06-11  ,01:31 ,HST ,0.556045
2026-06-11  ,01:46 ,HST ,0.462587
2026-06-11  ,02:01 ,HST ,0.370337
2026-06-11  ,02:16 ,HST ,0.280579
2026-06-11  ,02:31 ,HST ,0.194597
2026-06-11  ,02:46 ,HST ,0.113657
2026-06-11  ,03:01 ,HST ,0.038985
2026-06-11  ,03:16 ,HST ,-0.028251
2026-06-11  ,03:31 ,HST ,-0.086962
2026-06-11  ,03:46 ,HST ,-0.136154
2026-06-11  ,04:01 ,HST ,-0.174946
2026-06-11  ,04:16 ,HST ,-0.202586
2026-06-11  ,04:31 ,HST ,-0.218461
2026-06-11  ,04:46 ,HST ,-0.222134
2026-06-11  ,05:01 ,HST ,-0.213962
2026-06-11  ,05:16 ,HST ,-0.194160
2026-06-11  ,05:31 ,HST ,-0.162746
2026-06-11  ,05:46 ,HST ,-0.119829
2026-06-11  ,06:01 ,HST ,-0.065817
2026-06-11  ,06:16 ,HST ,-0.001032
2026-06-11  ,06:31 ,HST ,0.073795
2026-06-11  ,06:46 ,HST ,0.158026
2026-06-11  ,07:01 ,HST ,0.250945
2026-06-11  ,07:16 ,HST ,0.351406
2026-06-11  ,07:31 ,HST ,0.458481
2026-06-11  ,07:46 ,HST ,0.571192
2026-06-11  ,08:01 ,HST ,0.688103
2026-06-11  ,08:16 ,HST ,0.808110
2026-06-11  ,08:31 ,HST ,0.930090
2026-06-11  ,08:46 ,HST ,1.052481
2026-06-11  ,09:01 ,HST ,1.174140
2026-06-11  ,09:16 ,HST ,1.293935
2026-06-11  ,09:31 ,HST ,1.410360
2026-06-11  ,09:46 ,HST ,1.522371
2026-06-11  ,10:01 ,HST ,1.628969
2026-06-11  ,10:16 ,HST ,1.728875
2026-06-11  ,10:31 ,HST ,1.821271
2026-06-11  ,10:46 ,HST ,1.905414
2026-06-11  ,11:01 ,HST ,1.980393
2026-06-11  ,11:16 ,HST ,2.045785
2026-06-11  ,11:31 ,HST ,2.100982
2026-06-11  ,11:46 ,HST ,2.145744
2026-06-11  ,12:01 ,HST ,2.179922
2026-06-11  ,12:16 ,HST ,2.203401
2026-06-11  ,12:31 ,HST ,2.216330
2026-06-11  ,12:46 ,HST ,2.218814
2026-06-11  ,13:01 ,HST ,2.208211
2026-06-11  ,13:16 ,HST ,2.183983
2026-06-11  ,13:31 ,HST ,2.147130
2026-06-11  ,13:46 ,HST ,2.098693
2026-06-11  ,14:01 ,HST ,2.039974
2026-06-11  ,14:16 ,HST ,1.972364
2026-06-11  ,14:31 ,HST ,1.897350
2026-06-11  ,14:46 ,HST ,1.816492
2026-06-11  ,15:01 ,HST ,1.731485
2026-06-11  ,15:16 ,HST ,1.643760
2026-06-11  ,15:31 ,HST ,1.555008
2026-06-11  ,15:46 ,HST ,1.466788
2026-06-11  ,16:01 ,HST ,1.380591
2026-06-11  ,16:16 ,HST ,1.297810
2026-06-11  ,16:31 ,HST ,1.219803
2026-06-11  ,16:46 ,HST ,1.147534
2026-06-11  ,17:01 ,HST ,1.082065
2026-06-11  ,17:16 ,HST ,1.024194
2026-06-11  ,17:31 ,HST ,0.974532
2026-06-11  ,17:46 ,HST ,0.933488
2026-06-11  ,18:01 ,HST ,0.901271
2026-06-11  ,18:16 ,HST ,0.877900
2026-06-11  ,18:31 ,HST ,0.863121
2026-06-11  ,18:46 ,HST ,0.856562
2026-06-11  ,19:01 ,HST ,0.858867
2026-06-11  ,19:16 ,HST ,0.873270
2026-06-11  ,19:31 ,HST ,0.898648
2026-06-11  ,19:46 ,HST ,0.933196
2026-06-11  ,20:01 ,HST ,0.974999
2026-06-11  ,20:16 ,HST ,1.022019
2026-06-11  ,20:31 ,HST ,1.071921
2026-06-11  ,20:46 ,HST ,1.122448
2026-06-11  ,21:01 ,HST ,1.171297
2026-06-11  ,21:16 ,HST ,1.215986
2026-06-11  ,21:31 ,HST ,1.254236
2026-06-11  ,21:46 ,HST ,1.283812
2026-06-11  ,22:01 ,HST ,1.302487
2026-06-11  ,22:16 ,HST ,1.308327
2026-06-11  ,22:31 ,HST ,1.304723
2026-06-11  ,22:46 ,HST ,1.294488
2026-06-11  ,23:01 ,HST ,1.277039
2026-06-11  ,23:16 ,HST ,1.251929
2026-06-11  ,23:31 ,HST ,1.218810
2026-06-11  ,23:46 ,HST ,1.177601
2026-06-12  ,00:01 ,HST ,1.128273
2026-06-12  ,00:16 ,HST ,1.070989
2026-06-12  ,00:31 ,HST ,1.006002
2026-06-12  ,00:46 ,HST ,0.933938
2026-06-12  ,01:01 ,HST ,0.855372
2026-06-12  ,01:16 ,HST ,0.771089
2026-06-12  ,01:31 ,HST ,0.682014
2026-06-12  ,01:46 ,HST ,0.589091
2026-06-12  ,02:01 ,HST ,0.493676
2026-06-12  ,02:16 ,HST ,0.396918
2026-06-12  ,02:31 ,HST ,0.300132
2026-06-12  ,02:46 ,HST ,0.204588
2026-06-12  ,03:01 ,HST ,0.111891
2026-06-12  ,03:16 ,HST ,0.023345
2026-06-12  ,03:31 ,HST ,-0.059661
2026-06-12  ,03:46 ,HST ,-0.135772
2026-06-12  ,04:01 ,HST ,-0.203766
2026-06-12  ,04:16 ,HST ,-0.262283
2026-06-12  ,04:31 ,HST ,-0.310295
2026-06-12  ,04:46 ,HST ,-0.346818
2026-06-12  ,05:01 ,HST ,-0.371025
2026-06-12  ,05:16 ,HST ,-0.382173
2026-06-12  ,05:31 ,HST ,-0.379972
2026-06-12  ,05:46 ,HST ,-0.364745
2026-06-12  ,06:01 ,HST ,-0.336353
2026-06-12  ,06:16 ,HST ,-0.294817
2026-06-12  ,06:31 ,HST ,-0.240382
2026-06-12  ,06:46 ,HST ,-0.173261
2026-06-12  ,07:01 ,HST ,-0.094007
2026-06-12  ,07:16 ,HST ,-0.003383
2026-06-12  ,07:31 ,HST ,0.098020
2026-06-12  ,07:46 ,HST ,0.209034
2026-06-12  ,08:01 ,HST ,0.328853
2026-06-12  ,08:16 ,HST ,0.456179
2026-06-12  ,08:31 ,HST ,0.589588
2026-06-12  ,08:46 ,HST ,0.728033
2026-06-12  ,09:01 ,HST ,0.869789
2026-06-12  ,09:16 ,HST ,1.013725
2026-06-12  ,09:31 ,HST ,1.158198
2026-06-12  ,09:46 ,HST ,1.301564
2026-06-12  ,10:01 ,HST ,1.442680
2026-06-12  ,10:16 ,HST ,1.579949
2026-06-12  ,10:31 ,HST ,1.711845
2026-06-12  ,10:46 ,HST ,1.837363
2026-06-12  ,11:01 ,HST ,1.955005
2026-06-12  ,11:16 ,HST ,2.063928
2026-06-12  ,11:31 ,HST ,2.163006
2026-06-12  ,11:46 ,HST ,2.251287
2026-06-12  ,12:01 ,HST ,2.328260
2026-06-12  ,12:16 ,HST ,2.393191
2026-06-12  ,12:31 ,HST ,2.445825
2026-06-12  ,12:46 ,HST ,2.485844
2026-06-12  ,13:01 ,HST ,2.513147
2026-06-12  ,13:16 ,HST ,2.527885
2026-06-12  ,13:31 ,HST ,2.530066
2026-06-12  ,13:46 ,HST ,2.517009
2026-06-12  ,14:01 ,HST ,2.488422
2026-06-12  ,14:16 ,HST ,2.445309
2026-06-12  ,14:31 ,HST ,2.388860
2026-06-12  ,14:46 ,HST ,2.320351
2026-06-12  ,15:01 ,HST ,2.241428
2026-06-12  ,15:16 ,HST ,2.153630
2026-06-12  ,15:31 ,HST ,2.058650
2026-06-12  ,15:46 ,HST ,1.958238
2026-06-12  ,16:01 ,HST ,1.854165
2026-06-12  ,16:16 ,HST ,1.748197
2026-06-12  ,16:31 ,HST ,1.641950
2026-06-12  ,16:46 ,HST ,1.537319
2026-06-12  ,17:01 ,HST ,1.435760
2026-06-12  ,17:16 ,HST ,1.338723
2026-06-12  ,17:31 ,HST ,1.247515
2026-06-12  ,17:46 ,HST ,1.163278
2026-06-12  ,18:01 ,HST ,1.086971
2026-06-12  ,18:16 ,HST ,1.019287
2026-06-12  ,18:31 ,HST ,0.960926
2026-06-12  ,18:46 ,HST ,0.912145
2026-06-12  ,19:01 ,HST ,0.873061
2026-06-12  ,19:16 ,HST ,0.843573
2026-06-12  ,19:31 ,HST ,0.823363
2026-06-12  ,19:46 ,HST ,0.811908
2026-06-12  ,20:01 ,HST ,0.808501
2026-06-12  ,20:16 ,HST ,0.816585
2026-06-12  ,20:31 ,HST ,0.838050
2026-06-12  ,20:46 ,HST ,0.870530
2026-06-12  ,21:01 ,HST ,0.911516
2026-06-12  ,21:16 ,HST ,0.958316
2026-06-12  ,21:31 ,HST ,1.008172
2026-06-12  ,21:46 ,HST ,1.058069
2026-06-12  ,22:01 ,HST ,1.105147
2026-06-12  ,22:16 ,HST ,1.146508
2026-06-12  ,22:31 ,HST ,1.179325
2026-06-12  ,22:46 ,HST ,1.200911
2026-06-12  ,23:01 ,HST ,1.208671
2026-06-12  ,23:16 ,HST ,1.205690
2026-06-12  ,23:31 ,HST ,1.196189
2026-06-12  ,23:46 ,HST ,1.179469
2026-06-13  ,00:01 ,HST ,1.155031
2026-06-13  ,00:16 ,HST ,1.122436
2026-06-13  ,00:31 ,HST ,1.081532
2026-06-13  ,00:46 ,HST ,1.032179
2026-06-13  ,01:01 ,HST ,0.974607
2026-06-13  ,01:16 ,HST ,0.908990
2026-06-13  ,01:31 ,HST ,0.835943
2026-06-13  ,01:46 ,HST ,0.755951
2026-06-13  ,02:01 ,HST ,0.669990
2026-06-13  ,02:16 ,HST ,0.578828
2026-06-13  ,02:31 ,HST ,0.483755
2026-06-13  ,02:46 ,HST ,0.385776
2026-06-13  ,03:01 ,HST ,0.286417
2026-06-13  ,03:16 ,HST ,0.186860
2026-06-13  ,03:31 ,HST ,0.088775
2026-06-13  ,03:46 ,HST ,-0.006556
2026-06-13  ,04:01 ,HST ,-0.097425
2026-06-13  ,04:16 ,HST ,-0.182536
2026-06-13  ,04:31 ,HST ,-0.260251
2026-06-13  ,04:46 ,HST ,-0.329348
2026-06-13  ,05:01 ,HST ,-0.388372
2026-06-13  ,05:16 ,HST ,-0.436253
2026-06-13  ,05:31 ,HST ,-0.471820
2026-06-13  ,05:46 ,HST ,-0.494233
2026-06-13  ,06:01 ,HST ,-0.502691
2026-06-13  ,06:16 ,HST ,-0.496964
2026-06-13  ,06:31 ,HST ,-0.477126
2026-06-13  ,06:46 ,HST ,-0.443053
2026-06-13  ,07:01 ,HST ,-0.394670
2026-06-13  ,07:16 ,HST ,-0.332188
2026-06-13  ,07:31 ,HST ,-0.255968
2026-06-13  ,07:46 ,HST ,-0.166654
2026-06-13  ,08:01 ,HST ,-0.064747
2026-06-13  ,08:16 ,HST ,0.048790
2026-06-13  ,08:31 ,HST ,0.172939
2026-06-13  ,08:46 ,HST ,0.306386
2026-06-13  ,09:01 ,HST ,0.448153
2026-06-13  ,09:16 ,HST ,0.596706
2026-06-13  ,09:31 ,HST ,0.750564
2026-06-13  ,09:46 ,HST ,0.908000
2026-06-13  ,10:01 ,HST ,1.067776
2026-06-13  ,10:16 ,HST ,1.228089
2026-06-13  ,10:31 ,HST ,1.387308
2026-06-13  ,10:46 ,HST ,1.543639
2026-06-13  ,11:01 ,HST ,1.695861
2026-06-13  ,11:16 ,HST ,1.842273
2026-06-13  ,11:31 ,HST ,1.981278
2026-06-13  ,11:46 ,HST ,2.111849
2026-06-13  ,12:01 ,HST ,2.232592
2026-06-13  ,12:16 ,HST ,2.342408
2026-06-13  ,12:31 ,HST ,2.440237
2026-06-13  ,12:46 ,HST ,2.525505
2026-06-13  ,13:01 ,HST ,2.597463
2026-06-13  ,13:16 ,HST ,2.655652
2026-06-13  ,13:31 ,HST ,2.699751
2026-06-13  ,13:46 ,HST ,2.729762
2026-06-13  ,14:01 ,HST ,2.745706
2026-06-13  ,14:16 ,HST ,2.747576
2026-06-13  ,14:31 ,HST ,2.732620
2026-06-13  ,14:46 ,HST ,2.700653
2026-06-13  ,15:01 ,HST ,2.652800
2026-06-13  ,15:16 ,HST ,2.590292
2026-06-13  ,15:31 ,HST ,2.514563
2026-06-13  ,15:46 ,HST ,2.427100
2026-06-13  ,16:01 ,HST ,2.329806
2026-06-13  ,16:16 ,HST ,2.224398
2026-06-13  ,16:31 ,HST ,2.112621
2026-06-13  ,16:46 ,HST ,1.996618
2026-06-13  ,17:01 ,HST ,1.878170
2026-06-13  ,17:16 ,HST ,1.759013
2026-06-13  ,17:31 ,HST ,1.641206
2026-06-13  ,17:46 ,HST ,1.526327
2026-06-13  ,18:01 ,HST ,1.415842
2026-06-13  ,18:16 ,HST ,1.311427
2026-06-13  ,18:31 ,HST ,1.214225
2026-06-13  ,18:46 ,HST ,1.125219
2026-06-13  ,19:01 ,HST ,1.045472
2026-06-13  ,19:16 ,HST ,0.975532
2026-06-13  ,19:31 ,HST ,0.915765
2026-06-13  ,19:46 ,HST ,0.866493
2026-06-13  ,20:01 ,HST ,0.827608
2026-06-13  ,20:16 ,HST ,0.798817
2026-06-13  ,20:31 ,HST ,0.779700
2026-06-13  ,20:46 ,HST ,0.769530
2026-06-13  ,21:01 ,HST ,0.767657
2026-06-13  ,21:16 ,HST ,0.778814
2026-06-13  ,21:31 ,HST ,0.803391
2026-06-13  ,21:46 ,HST ,0.838641
2026-06-13  ,22:01 ,HST ,0.881765
2026-06-13  ,22:16 ,HST ,0.929637
2026-06-13  ,22:31 ,HST ,0.979252
2026-06-13  ,22:46 ,HST ,1.027339
2026-06-13  ,23:01 ,HST ,1.070867
2026-06-13  ,23:16 ,HST ,1.106660
2026-06-13  ,23:31 ,HST ,1.131845
2026-06-13  ,23:46 ,HST ,1.143577
2026-06-14  ,00:01 ,HST ,1.142441
2026-06-14  ,00:16 ,HST ,1.134539
2026-06-14  ,00:31 ,HST ,1.119485
2026-06-14  ,00:46 ,HST ,1.096641
2026-06-14  ,01:01 ,HST ,1.065573
2026-06-14  ,01:16 ,HST ,1.026007
2026-06-14  ,01:31 ,HST ,0.977843
2026-06-14  ,01:46 ,HST ,0.921236
2026-06-14  ,02:01 ,HST ,0.856332
2026-06-14  ,02:16 ,HST ,0.783643
2026-06-14  ,02:31 ,HST ,0.703806
2026-06-14  ,02:46 ,HST ,0.617720
2026-06-14  ,03:01 ,HST ,0.526165
2026-06-14  ,03:16 ,HST ,0.430341
2026-06-14  ,03:31 ,HST ,0.331491
2026-06-14  ,03:46 ,HST ,0.230963
2026-06-14  ,04:01 ,HST ,0.130308
2026-06-14  ,04:16 ,HST ,0.030809
2026-06-14  ,04:31 ,HST ,-0.065878
2026-06-14  ,04:46 ,HST ,-0.158192
2026-06-14  ,05:01 ,HST ,-0.244581
2026-06-14  ,05:16 ,HST ,-0.323450
2026-06-14  ,05:31 ,HST ,-0.393520
2026-06-14  ,05:46 ,HST ,-0.453335
2026-06-14  ,06:01 ,HST ,-0.501644
2026-06-14  ,06:16 ,HST ,-0.537294
2026-06-14  ,06:31 ,HST ,-0.559398
2026-06-14  ,06:46 ,HST ,-0.567116
2026-06-14  ,07:01 ,HST ,-0.560172
2026-06-14  ,07:16 ,HST ,-0.538572
2026-06-14  ,07:31 ,HST ,-0.502072
2026-06-14  ,07:46 ,HST ,-0.450678
2026-06-14  ,08:01 ,HST ,-0.384569
2026-06-14  ,08:16 ,HST ,-0.304110
2026-06-14  ,08:31 ,HST ,-0.209968
2026-06-14  ,08:46 ,HST ,-0.102655
2026-06-14  ,09:01 ,HST ,0.016829
2026-06-14  ,09:16 ,HST ,0.147425
2026-06-14  ,09:31 ,HST ,0.287927
2026-06-14  ,09:46 ,HST ,0.436827
2026-06-14  ,10:01 ,HST ,0.593013
2026-06-14  ,10:16 ,HST ,0.754776
2026-06-14  ,10:31 ,HST ,0.920498
2026-06-14  ,10:46 ,HST ,1.088313
2026-06-14  ,11:01 ,HST ,1.256903
2026-06-14  ,11:16 ,HST ,1.424368
2026-06-14  ,11:31 ,HST ,1.589011
2026-06-14  ,11:46 ,HST ,1.749174
2026-06-14  ,12:01 ,HST ,1.903089
2026-06-14  ,12:16 ,HST ,2.049588
2026-06-14  ,12:31 ,HST ,2.187077
2026-06-14  ,12:46 ,HST ,2.314258
2026-06-14  ,13:01 ,HST ,2.429844
2026-06-14  ,13:16 ,HST ,2.533092
2026-06-14  ,13:31 ,HST ,2.623014
2026-06-14  ,13:46 ,HST ,2.698939
2026-06-14  ,14:01 ,HST ,2.760375
2026-06-14  ,14:16 ,HST ,2.806972
2026-06-14  ,14:31 ,HST ,2.838720
2026-06-14  ,14:46 ,HST ,2.855629
2026-06-14  ,15:01 ,HST ,2.857695
2026-06-14  ,15:16 ,HST ,2.842182
2026-06-14  ,15:31 ,HST ,2.808907
2026-06-14  ,15:46 ,HST ,2.758952
2026-06-14  ,16:01 ,HST ,2.693604
2026-06-14  ,16:16 ,HST ,2.614335
2026-06-14  ,16:31 ,HST ,2.522777
2026-06-14  ,16:46 ,HST ,2.420692
2026-06-14  ,17:01 ,HST ,2.309944
2026-06-14  ,17:16 ,HST ,2.192464
2026-06-14  ,17:31 ,HST ,2.070216
2026-06-14  ,17:46 ,HST ,1.945170
2026-06-14  ,18:01 ,HST ,1.819262
2026-06-14  ,18:16 ,HST ,1.694366
2026-06-14  ,18:31 ,HST ,1.572262
2026-06-14  ,18:46 ,HST ,1.454606
2026-06-14  ,19:01 ,HST ,1.342909
2026-06-14  ,19:16 ,HST ,1.238506
2026-06-14  ,19:31 ,HST ,1.142541
2026-06-14  ,19:46 ,HST ,1.055948
2026-06-14  ,20:01 ,HST ,0.979440
2026-06-14  ,20:16 ,HST ,0.913497
2026-06-14  ,20:31 ,HST ,0.858364
2026-06-14  ,20:46 ,HST ,0.814050
2026-06-14  ,21:01 ,HST ,0.780331
2026-06-14  ,21:16 ,HST ,0.756778
2026-06-14  ,21:31 ,HST ,0.742681
2026-06-14  ,21:46 ,HST ,0.737212
2026-06-14  ,22:01 ,HST ,0.742132
2026-06-14  ,22:16 ,HST ,0.761241
2026-06-14  ,22:31 ,HST ,0.792071
2026-06-14  ,22:46 ,HST ,0.831784
2026-06-14  ,23:01 ,HST ,0.877452
2026-06-14  ,23:16 ,HST ,0.925878
2026-06-14  ,23:31 ,HST ,0.973984
2026-06-14  ,23:46 ,HST ,1.018644
2026-06-15  ,00:01 ,HST ,1.056794
2026-06-15  ,00:16 ,HST ,1.085478
2026-06-15  ,00:31 ,HST ,1.101901
2026-06-15  ,00:46 ,HST ,1.104314
2026-06-15  ,01:01 ,HST ,1.098682
2026-06-15  ,01:16 ,HST ,1.086060
2026-06-15  ,01:31 ,HST ,1.065801
2026-06-15  ,01:46 ,HST ,1.037417
2026-06-15  ,02:01 ,HST ,1.000591
2026-06-15  ,02:16 ,HST ,0.955189
2026-06-15  ,02:31 ,HST ,0.901258
2026-06-15  ,02:46 ,HST ,0.839037
2026-06-15  ,03:01 ,HST ,0.768950
2026-06-15  ,03:16 ,HST ,0.691603
2026-06-15  ,03:31 ,HST ,0.607776
2026-06-15  ,03:46 ,HST ,0.518415
2026-06-15  ,04:01 ,HST ,0.424612
2026-06-15  ,04:16 ,HST ,0.327595
2026-06-15  ,04:31 ,HST ,0.228702
2026-06-15  ,04:46 ,HST ,0.129366
2026-06-15  ,05:01 ,HST ,0.031087
2026-06-15  ,05:16 ,HST ,-0.064589
2026-06-15  ,05:31 ,HST ,-0.156100
2026-06-15  ,05:46 ,HST ,-0.241889
2026-06-15  ,06:01 ,HST ,-0.320517
2026-06-15  ,06:16 ,HST ,-0.390350
2026-06-15  ,06:31 ,HST ,-0.450102
2026-06-15  ,06:46 ,HST ,-0.498507
2026-06-15  ,07:01 ,HST ,-0.534431
2026-06-15  ,07:16 ,HST ,-0.556892
2026-06-15  ,07:31 ,HST ,-0.565081
2026-06-15  ,07:46 ,HST ,-0.558659
2026-06-15  ,08:01 ,HST ,-0.537619
2026-06-15  ,08:16 ,HST ,-0.501707
2026-06-15  ,08:31 ,HST ,-0.450912
2026-06-15  ,08:46 ,HST ,-0.385399
2026-06-15  ,09:01 ,HST ,-0.305520
2026-06-15  ,09:16 ,HST ,-0.211925
2026-06-15  ,09:31 ,HST ,-0.105120
2026-06-15  ,09:46 ,HST ,0.013909
2026-06-15  ,10:01 ,HST ,0.144111
2026-06-15  ,10:16 ,HST ,0.284125
2026-06-15  ,10:31 ,HST ,0.432941
2026-06-15  ,10:46 ,HST ,0.588960
2026-06-15  ,11:01 ,HST ,0.750641
2026-06-15  ,11:16 ,HST ,0.916367
2026-06-15  ,11:31 ,HST ,1.084274
2026-06-15  ,11:46 ,HST ,1.253044
2026-06-15  ,12:01 ,HST ,1.420772
2026-06-15  ,12:16 ,HST ,1.585761
2026-06-15  ,12:31 ,HST ,1.746167
2026-06-15  ,12:46 ,HST ,1.900752
2026-06-15  ,13:01 ,HST ,2.047806
2026-06-15  ,13:16 ,HST ,2.185904
2026-06-15  ,13:31 ,HST ,2.313598
2026-06-15  ,13:46 ,HST ,2.430010
2026-06-15  ,14:01 ,HST ,2.533965
2026-06-15  ,14:16 ,HST ,2.624605
2026-06-15  ,14:31 ,HST ,2.701243
2026-06-15  ,14:46 ,HST ,2.763312
2026-06-15  ,15:01 ,HST ,2.810634
2026-06-15  ,15:16 ,HST ,2.842999
2026-06-15  ,15:31 ,HST ,2.860463
2026-06-15  ,15:46 ,HST ,2.863065
2026-06-15  ,16:01 ,HST ,2.848177
2026-06-15  ,16:16 ,HST ,2.815510
2026-06-15  ,16:31 ,HST ,2.766120
2026-06-15  ,16:46 ,HST ,2.701268
2026-06-15  ,17:01 ,HST ,2.622492
2026-06-15  ,17:16 ,HST ,2.531225
2026-06-15  ,17:31 ,HST ,2.429285
2026-06-15  ,17:46 ,HST ,2.318513
2026-06-15  ,18:01 ,HST ,2.200949
2026-06-15  ,18:16 ,HST ,2.078287
2026-06-15  ,18:31 ,HST ,1.952604
2026-06-15  ,18:46 ,HST ,1.825828
2026-06-15  ,19:01 ,HST ,1.699961
2026-06-15  ,19:16 ,HST ,1.576508
2026-06-15  ,19:31 ,HST ,1.457268
2026-06-15  ,19:46 ,HST ,1.343759
2026-06-15  ,20:01 ,HST ,1.237331
2026-06-15  ,20:16 ,HST ,1.139250
2026-06-15  ,20:31 ,HST ,1.050261
2026-06-15  ,20:46 ,HST ,0.971219
2026-06-15  ,21:01 ,HST ,0.902638
2026-06-15  ,21:16 ,HST ,0.844863
2026-06-15  ,21:31 ,HST ,0.797820
2026-06-15  ,21:46 ,HST ,0.761402
2026-06-15  ,22:01 ,HST ,0.735214
2026-06-15  ,22:16 ,HST ,0.718662
2026-06-15  ,22:31 ,HST ,0.710907
2026-06-15  ,22:46 ,HST ,0.712091
2026-06-15  ,23:01 ,HST ,0.726763
2026-06-15  ,23:16 ,HST ,0.753459
2026-06-15  ,23:31 ,HST ,0.789535
2026-06-15  ,23:46 ,HST ,0.832198
2026-06-16  ,00:01 ,HST ,0.878611
2026-06-16  ,00:16 ,HST ,0.925717
2026-06-16  ,00:31 ,HST ,0.970622
2026-06-16  ,00:46 ,HST ,1.010429
2026-06-16  ,01:01 ,HST ,1.042335
2026-06-16  ,01:16 ,HST ,1.063683
2026-06-16  ,01:31 ,HST ,1.072005
2026-06-16  ,01:46 ,HST ,1.069406
2026-06-16  ,02:01 ,HST ,1.060240
2026-06-16  ,02:16 ,HST ,1.043839
2026-06-16  ,02:31 ,HST ,1.019724
2026-06-16  ,02:46 ,HST ,0.987534
2026-06-16  ,03:01 ,HST ,0.947048
2026-06-16  ,03:16 ,HST ,0.898361
2026-06-16  ,03:31 ,HST ,0.841560
2026-06-16  ,03:46 ,HST ,0.777139
2026-06-16  ,04:01 ,HST ,0.705595
2026-06-16  ,04:16 ,HST ,0.627560
2026-06-16  ,04:31 ,HST ,0.544089
2026-06-16  ,04:46 ,HST ,0.456033
2026-06-16  ,05:01 ,HST ,0.364746
2026-06-16  ,05:16 ,HST ,0.271409
2026-06-16  ,05:31 ,HST ,0.177288
2026-06-16  ,05:46 ,HST ,0.084025
2026-06-16  ,06:01 ,HST ,-0.007001
2026-06-16  ,06:16 ,HST ,-0.094375
2026-06-16  ,06:31 ,HST ,-0.176409
2026-06-16  ,06:46 ,HST ,-0.251805
2026-06-16  ,07:01 ,HST ,-0.318986
2026-06-16  ,07:16 ,HST ,-0.376700
2026-06-16  ,07:31 ,HST ,-0.423760
2026-06-16  ,07:46 ,HST ,-0.458956
2026-06-16  ,08:01 ,HST ,-0.481400
2026-06-16  ,08:16 ,HST ,-0.490244
2026-06-16  ,08:31 ,HST ,-0.485146
2026-06-16  ,08:46 ,HST ,-0.466102
2026-06-16  ,09:01 ,HST ,-0.432898
2026-06-16  ,09:16 ,HST ,-0.385551
2026-06-16  ,09:31 ,HST ,-0.324092
2026-06-16  ,09:46 ,HST ,-0.248884
2026-06-16  ,10:01 ,HST ,-0.160423
2026-06-16  ,10:16 ,HST ,-0.059502
2026-06-16  ,10:31 ,HST ,0.053277
2026-06-16  ,10:46 ,HST ,0.176813
2026-06-16  ,11:01 ,HST ,0.309976
2026-06-16  ,11:16 ,HST ,0.451337
2026-06-16  ,11:31 ,HST ,0.599848
2026-06-16  ,11:46 ,HST ,0.753883
2026-06-16  ,12:01 ,HST ,0.911721
2026-06-16  ,12:16 ,HST ,1.072125
2026-06-16  ,12:31 ,HST ,1.233291
2026-06-16  ,12:46 ,HST ,1.393578
2026-06-16  ,13:01 ,HST ,1.551180
2026-06-16  ,13:16 ,HST ,1.704862
2026-06-16  ,13:31 ,HST ,1.852900
2026-06-16  ,13:46 ,HST ,1.993826
2026-06-16  ,14:01 ,HST ,2.126121
2026-06-16  ,14:16 ,HST ,2.248824
2026-06-16  ,14:31 ,HST ,2.360644
2026-06-16  ,14:46 ,HST ,2.460589
2026-06-16  ,15:01 ,HST ,2.547727
2026-06-16  ,15:16 ,HST ,2.621584
2026-06-16  ,15:31 ,HST ,2.681552
2026-06-16  ,15:46 ,HST ,2.727261
2026-06-16  ,16:01 ,HST ,2.758671
2026-06-16  ,16:16 ,HST ,2.775757
2026-06-16  ,16:31 ,HST ,2.778563
2026-06-16  ,16:46 ,HST ,2.764650
2026-06-16  ,17:01 ,HST ,2.733754
2026-06-16  ,17:16 ,HST ,2.686780
2026-06-16  ,17:31 ,HST ,2.625001
2026-06-16  ,17:46 ,HST ,2.549633
2026-06-16  ,18:01 ,HST ,2.462342
2026-06-16  ,18:16 ,HST ,2.364574
2026-06-16  ,18:31 ,HST ,2.258273
2026-06-16  ,18:46 ,HST ,2.145012
2026-06-16  ,19:01 ,HST ,2.026880
2026-06-16  ,19:16 ,HST ,1.905476
2026-06-16  ,19:31 ,HST ,1.782892
2026-06-16  ,19:46 ,HST ,1.660646
2026-06-16  ,20:01 ,HST ,1.540704
2026-06-16  ,20:16 ,HST ,1.424404
2026-06-16  ,20:31 ,HST ,1.313461
2026-06-16  ,20:46 ,HST ,1.208947
2026-06-16  ,21:01 ,HST ,1.112227
2026-06-16  ,21:16 ,HST ,1.024043
2026-06-16  ,21:31 ,HST ,0.945336
2026-06-16  ,21:46 ,HST ,0.876472
2026-06-16  ,22:01 ,HST ,0.817926
2026-06-16  ,22:16 ,HST ,0.769675
2026-06-16  ,22:31 ,HST ,0.731717
2026-06-16  ,22:46 ,HST ,0.703651
2026-06-16  ,23:01 ,HST ,0.685024
2026-06-16  ,23:16 ,HST ,0.675093
2026-06-16  ,23:31 ,HST ,0.673185
2026-06-16  ,23:46 ,HST ,0.682909
2026-06-17  ,00:01 ,HST ,0.704447
2026-06-17  ,00:16 ,HST ,0.735495
2026-06-17  ,00:31 ,HST ,0.773607
2026-06-17  ,00:46 ,HST ,0.816242
2026-06-17  ,01:01 ,HST ,0.860799
2026-06-17  ,01:16 ,HST ,0.904671
2026-06-17  ,01:31 ,HST ,0.945280
2026-06-17  ,01:46 ,HST ,0.980124
2026-06-17  ,02:01 ,HST ,1.006822
2026-06-17  ,02:16 ,HST ,1.023148
2026-06-17  ,02:31 ,HST ,1.027248
2026-06-17  ,02:46 ,HST ,1.023053
2026-06-17  ,03:01 ,HST ,1.012401
2026-06-17  ,03:16 ,HST ,0.994760
2026-06-17  ,03:31 ,HST ,0.969750
2026-06-17  ,03:46 ,HST ,0.937157
2026-06-17  ,04:01 ,HST ,0.896933
2026-06-17  ,04:16 ,HST ,0.849202
2026-06-17  ,04:31 ,HST ,0.794261
2026-06-17  ,04:46 ,HST ,0.732574
2026-06-17  ,05:01 ,HST ,0.664769
2026-06-17  ,05:16 ,HST ,0.591627
2026-06-17  ,05:31 ,HST ,0.514067
2026-06-17  ,05:46 ,HST ,0.433138
2026-06-17  ,06:01 ,HST ,0.349997
2026-06-17  ,06:16 ,HST ,0.265892
2026-06-17  ,06:31 ,HST ,0.182139
2026-06-17  ,06:46 ,HST ,0.100104
2026-06-17  ,07:01 ,HST ,0.021177
2026-06-17  ,07:16 ,HST ,-0.053253
2026-06-17  ,07:31 ,HST ,-0.121818
2026-06-17  ,07:46 ,HST ,-0.183197
2026-06-17  ,08:01 ,HST ,-0.236140
2026-06-17  ,08:16 ,HST ,-0.279487
2026-06-17  ,08:31 ,HST ,-0.312194
2026-06-17  ,08:46 ,HST ,-0.333346
2026-06-17  ,09:01 ,HST ,-0.342176
2026-06-17  ,09:16 ,HST ,-0.338332
2026-06-17  ,09:31 ,HST ,-0.321883
2026-06-17  ,09:46 ,HST ,-0.292653
2026-06-17  ,10:01 ,HST ,-0.250507
2026-06-17  ,10:16 ,HST ,-0.195572
2026-06-17  ,10:31 ,HST ,-0.128196
2026-06-17  ,10:46 ,HST ,-0.048654
2026-06-17  ,11:01 ,HST ,0.042397
2026-06-17  ,11:16 ,HST ,0.144092
2026-06-17  ,11:31 ,HST ,0.255780
2026-06-17  ,11:46 ,HST ,0.376333
2026-06-17  ,12:01 ,HST ,0.504463
2026-06-17  ,12:16 ,HST ,0.639222
2026-06-17  ,12:31 ,HST ,0.779137
2026-06-17  ,12:46 ,HST ,0.922804
2026-06-17  ,13:01 ,HST ,1.068603
2026-06-17  ,13:16 ,HST ,1.215380
2026-06-17  ,13:31 ,HST ,1.361468
2026-06-17  ,13:46 ,HST ,1.505211
2026-06-17  ,14:01 ,HST ,1.645472
2026-06-17  ,14:16 ,HST ,1.780663
2026-06-17  ,14:31 ,HST ,1.909286
2026-06-17  ,14:46 ,HST ,2.030362
2026-06-17  ,15:01 ,HST ,2.142568
2026-06-17  ,15:16 ,HST ,2.244734
2026-06-17  ,15:31 ,HST ,2.336162
2026-06-17  ,15:46 ,HST ,2.415941
2026-06-17  ,16:01 ,HST ,2.483357
2026-06-17  ,16:16 ,HST ,2.538080
2026-06-17  ,16:31 ,HST ,2.579702
2026-06-17  ,16:46 ,HST ,2.608039
2026-06-17  ,17:01 ,HST ,2.623161
2026-06-17  ,17:16 ,HST ,2.624996
2026-06-17  ,17:31 ,HST ,2.611384
2026-06-17  ,17:46 ,HST ,2.582162
2026-06-17  ,18:01 ,HST ,2.538240
2026-06-17  ,18:16 ,HST ,2.480624
2026-06-17  ,18:31 ,HST ,2.410510
2026-06-17  ,18:46 ,HST ,2.329234
2026-06-17  ,19:01 ,HST ,2.238256
2026-06-17  ,19:16 ,HST ,2.139018
2026-06-17  ,19:31 ,HST ,2.033361
2026-06-17  ,19:46 ,HST ,1.922848
2026-06-17  ,20:01 ,HST ,1.809159
2026-06-17  ,20:16 ,HST ,1.693965
2026-06-17  ,20:31 ,HST ,1.578895
2026-06-17  ,20:46 ,HST ,1.465394
2026-06-17  ,21:01 ,HST ,1.355185
2026-06-17  ,21:16 ,HST ,1.249511
2026-06-17  ,21:31 ,HST ,1.149605
2026-06-17  ,21:46 ,HST ,1.056550
2026-06-17  ,22:01 ,HST ,0.971266
2026-06-17  ,22:16 ,HST ,0.894418
2026-06-17  ,22:31 ,HST ,0.826728
2026-06-17  ,22:46 ,HST ,0.768474
2026-06-17  ,23:01 ,HST ,0.719828
2026-06-17  ,23:16 ,HST ,0.680770
2026-06-17  ,23:31 ,HST ,0.651065
2026-06-17  ,23:46 ,HST ,0.630387
2026-06-18  ,00:01 ,HST ,0.618143
2026-06-18  ,00:16 ,HST ,0.613620
2026-06-18  ,00:31 ,HST ,0.617979
2026-06-18  ,00:46 ,HST ,0.633179
2026-06-18  ,01:01 ,HST ,0.657522
2026-06-18  ,01:16 ,HST ,0.689039
2026-06-18  ,01:31 ,HST ,0.725758
2026-06-18  ,01:46 ,HST ,0.765620
2026-06-18  ,02:01 ,HST ,0.806549
2026-06-18  ,02:16 ,HST ,0.846478
2026-06-18  ,02:31 ,HST ,0.883431
2026-06-18  ,02:46 ,HST ,0.915381
2026-06-18  ,03:01 ,HST ,0.940552
2026-06-18  ,03:16 ,HST ,0.957265
2026-06-18  ,03:31 ,HST ,0.964013
2026-06-18  ,03:46 ,HST ,0.961895
2026-06-18  ,04:01 ,HST ,0.953798
2026-06-18  ,04:16 ,HST ,0.939352
2026-06-18  ,04:31 ,HST ,0.918274
2026-06-18  ,04:46 ,HST ,0.890402
2026-06-18  ,05:01 ,HST ,0.855824
2026-06-18  ,05:16 ,HST ,0.814702
2026-06-18  ,05:31 ,HST ,0.767320
2026-06-18  ,05:46 ,HST ,0.714273
2026-06-18  ,06:01 ,HST ,0.656147
2026-06-18  ,06:16 ,HST ,0.593706
2026-06-18  ,06:31 ,HST ,0.527765
2026-06-18  ,06:46 ,HST ,0.459458
2026-06-18  ,07:01 ,HST ,0.389795
2026-06-18  ,07:16 ,HST ,0.319852
2026-06-18  ,07:31 ,HST ,0.250980
2026-06-18  ,07:46 ,HST ,0.184335
2026-06-18  ,08:01 ,HST ,0.121090
2026-06-18  ,08:16 ,HST ,0.062608
2026-06-18  ,08:31 ,HST ,0.010010
2026-06-18  ,08:46 ,HST ,-0.035615
2026-06-18  ,09:01 ,HST ,-0.073109
2026-06-18  ,09:16 ,HST ,-0.101562
2026-06-18  ,09:31 ,HST ,-0.120138
2026-06-18  ,09:46 ,HST ,-0.128075
2026-06-18  ,10:01 ,HST ,-0.125102
2026-06-18  ,10:16 ,HST ,-0.111402
2026-06-18  ,10:31 ,HST ,-0.086756
2026-06-18  ,10:46 ,HST ,-0.051112
2026-06-18  ,11:01 ,HST ,-0.004439
2026-06-18  ,11:16 ,HST ,0.052967
2026-06-18  ,11:31 ,HST ,0.120897
2026-06-18  ,11:46 ,HST ,0.198722
2026-06-18  ,12:01 ,HST ,0.286005
2026-06-18  ,12:16 ,HST ,0.381808
2026-06-18  ,12:31 ,HST ,0.485487
2026-06-18  ,12:46 ,HST ,0.595839
2026-06-18  ,13:01 ,HST ,0.712053
2026-06-18  ,13:16 ,HST ,0.832719
2026-06-18  ,13:31 ,HST ,0.956898
2026-06-18  ,13:46 ,HST ,1.083049
2026-06-18  ,14:01 ,HST ,1.210159
2026-06-18  ,14:16 ,HST ,1.336630
2026-06-18  ,14:31 ,HST ,1.461437
2026-06-18  ,14:46 ,HST ,1.583141
2026-06-18  ,15:01 ,HST ,1.700351
2026-06-18  ,15:16 ,HST ,1.812131
2026-06-18  ,15:31 ,HST ,1.917091
2026-06-18  ,15:46 ,HST ,2.014417
2026-06-18  ,16:01 ,HST ,2.102933
2026-06-18  ,16:16 ,HST ,2.181993
2026-06-18  ,16:31 ,HST ,2.250694
2026-06-18  ,16:46 ,HST ,2.308594
2026-06-18  ,17:01 ,HST ,2.355101
2026-06-18  ,17:16 ,HST ,2.390001
2026-06-18  ,17:31 ,HST ,2.413039
2026-06-18  ,17:46 ,HST ,2.424238
2026-06-18  ,18:01 ,HST ,2.423277
2026-06-18  ,18:16 ,HST ,2.408431
2026-06-18  ,18:31 ,HST ,2.379972
2026-06-18  ,18:46 ,HST ,2.338529
2026-06-18  ,19:01 ,HST ,2.284977
2026-06-18  ,19:16 ,HST ,2.220316
2026-06-18  ,19:31 ,HST ,2.145762
2026-06-18  ,19:46 ,HST ,2.062389
2026-06-18  ,20:01 ,HST ,1.971605
2026-06-18  ,20:16 ,HST ,1.874806
2026-06-18  ,20:31 ,HST ,1.773548
2026-06-18  ,20:46 ,HST ,1.669073
2026-06-18  ,21:01 ,HST ,1.562953
2026-06-18  ,21:16 ,HST ,1.456629
2026-06-18  ,21:31 ,HST ,1.351608
2026-06-18  ,21:46 ,HST ,1.248985
2026-06-18  ,22:01 ,HST ,1.150117
2026-06-18  ,22:16 ,HST ,1.056136
2026-06-18  ,22:31 ,HST ,0.968148
2026-06-18  ,22:46 ,HST ,0.886838
2026-06-18  ,23:01 ,HST ,0.813038
2026-06-18  ,23:16 ,HST ,0.747322
2026-06-18  ,23:31 ,HST ,0.690106
2026-06-18  ,23:46 ,HST ,0.641686
2026-06-19  ,00:01 ,HST ,0.602042
2026-06-19  ,00:16 ,HST ,0.571153
2026-06-19  ,00:31 ,HST ,0.548785
2026-06-19  ,00:46 ,HST ,0.534562
2026-06-19  ,01:01 ,HST ,0.527930
2026-06-19  ,01:16 ,HST ,0.528736
2026-06-19  ,01:31 ,HST ,0.538413
2026-06-19  ,01:46 ,HST ,0.556080
2026-06-19  ,02:01 ,HST ,0.580512
2026-06-19  ,02:16 ,HST ,0.610306
2026-06-19  ,02:31 ,HST ,0.644130
2026-06-19  ,02:46 ,HST ,0.680515
2026-06-19  ,03:01 ,HST ,0.717975
2026-06-19  ,03:16 ,HST ,0.755171
2026-06-19  ,03:31 ,HST ,0.790635
2026-06-19  ,03:46 ,HST ,0.823127
2026-06-19  ,04:01 ,HST ,0.851368
2026-06-19  ,04:16 ,HST ,0.874202
2026-06-19  ,04:31 ,HST ,0.890674
2026-06-19  ,04:46 ,HST ,0.899882
2026-06-19  ,05:01 ,HST ,0.901307
2026-06-19  ,05:16 ,HST ,0.896489
2026-06-19  ,05:31 ,HST ,0.885748
2026-06-19  ,05:46 ,HST ,0.868991
2026-06-19  ,06:01 ,HST ,0.846242
2026-06-19  ,06:16 ,HST ,0.817674
2026-06-19  ,06:31 ,HST ,0.783565
2026-06-19  ,06:46 ,HST ,0.744444
2026-06-19  ,07:01 ,HST ,0.700859
2026-06-19  ,07:16 ,HST ,0.653513
2026-06-19  ,07:31 ,HST ,0.603214
2026-06-19  ,07:46 ,HST ,0.550807
2026-06-19  ,08:01 ,HST ,0.497381
2026-06-19  ,08:16 ,HST ,0.443918
2026-06-19  ,08:31 ,HST ,0.391495
2026-06-19  ,08:46 ,HST ,0.341208
2026-06-19  ,09:01 ,HST ,0.294107
2026-06-19  ,09:16 ,HST ,0.251376
2026-06-19  ,09:31 ,HST ,0.214002
2026-06-19  ,09:46 ,HST ,0.182969
2026-06-19  ,10:01 ,HST ,0.159164
2026-06-19  ,10:16 ,HST ,0.143454
2026-06-19  ,10:31 ,HST ,0.136516
2026-06-19  ,10:46 ,HST ,0.138558
2026-06-19  ,11:01 ,HST ,0.149075
2026-06-19  ,11:16 ,HST ,0.168308
2026-06-19  ,11:31 ,HST ,0.196354
2026-06-19  ,11:46 ,HST ,0.233255
2026-06-19  ,12:01 ,HST ,0.278908
2026-06-19  ,12:16 ,HST ,0.333094
2026-06-19  ,12:31 ,HST ,0.395547
2026-06-19  ,12:46 ,HST ,0.465667
2026-06-19  ,13:01 ,HST ,0.542951
2026-06-19  ,13:16 ,HST ,0.626726
2026-06-19  ,13:31 ,HST ,0.716326
2026-06-19  ,13:46 ,HST ,0.810693
2026-06-19  ,14:01 ,HST ,0.908993
2026-06-19  ,14:16 ,HST ,1.010232
2026-06-19  ,14:31 ,HST ,1.113367
2026-06-19  ,14:46 ,HST ,1.217438
2026-06-19  ,15:01 ,HST ,1.321105
2026-06-19  ,15:16 ,HST ,1.423379
2026-06-19  ,15:31 ,HST ,1.523162
2026-06-19  ,15:46 ,HST ,1.619483
2026-06-19  ,16:01 ,HST ,1.711085
2026-06-19  ,16:16 ,HST ,1.797092
2026-06-19  ,16:31 ,HST ,1.876582
2026-06-19  ,16:46 ,HST ,1.948786
2026-06-19  ,17:01 ,HST ,2.012783
2026-06-19  ,17:16 ,HST ,2.067998
2026-06-19  ,17:31 ,HST ,2.113880
2026-06-19  ,17:46 ,HST ,2.149988
2026-06-19  ,18:01 ,HST ,2.176026
2026-06-19  ,18:16 ,HST ,2.191737
2026-06-19  ,18:31 ,HST ,2.197082
2026-06-19  ,18:46 ,HST ,2.191286
2026-06-19  ,19:01 ,HST ,2.173640
2026-06-19  ,19:16 ,HST ,2.144555
2026-06-19  ,19:31 ,HST ,2.104538
2026-06-19  ,19:46 ,HST ,2.054185
2026-06-19  ,20:01 ,HST ,1.994391
2026-06-19  ,20:16 ,HST ,1.926006
2026-06-19  ,20:31 ,HST ,1.849944
2026-06-19  ,20:46 ,HST ,1.767452
2026-06-19  ,21:01 ,HST ,1.679505
2026-06-19  ,21:16 ,HST ,1.587494
2026-06-19  ,21:31 ,HST ,1.492553
2026-06-19  ,21:46 ,HST ,1.395820
2026-06-19  ,22:01 ,HST ,1.298737
2026-06-19  ,22:16 ,HST ,1.202306
2026-06-19  ,22:31 ,HST ,1.107899
2026-06-19  ,22:46 ,HST ,1.016515
2026-06-19  ,23:01 ,HST ,0.929089
2026-06-19  ,23:16 ,HST ,0.846749
2026-06-19  ,23:31 ,HST ,0.770231
2026-06-19  ,23:46 ,HST ,0.700183
2026-06-20  ,00:01 ,HST ,0.637353
2026-06-20  ,00:16 ,HST ,0.582073
2026-06-20  ,00:31 ,HST ,0.534797
2026-06-20  ,00:46 ,HST ,0.495655
2026-06-20  ,01:01 ,HST ,0.464680
2026-06-20  ,01:16 ,HST ,0.441862
2026-06-20  ,01:31 ,HST ,0.426960
2026-06-20  ,01:46 ,HST ,0.419641
2026-06-20  ,02:01 ,HST ,0.419589
2026-06-20  ,02:16 ,HST ,0.426961
2026-06-20  ,02:31 ,HST ,0.441192
2026-06-20  ,02:46 ,HST ,0.461551
2026-06-20  ,03:01 ,HST ,0.487191
2026-06-20  ,03:16 ,HST ,0.517189
2026-06-20  ,03:31 ,HST ,0.550691
2026-06-20  ,03:46 ,HST ,0.586673
2026-06-20  ,04:01 ,HST ,0.624263
2026-06-20  ,04:16 ,HST ,0.662430
2026-06-20  ,04:31 ,HST ,0.700338
2026-06-20  ,04:46 ,HST ,0.737016
2026-06-20  ,05:01 ,HST ,0.771717
2026-06-20  ,05:16 ,HST ,0.803592
2026-06-20  ,05:31 ,HST ,0.832024
2026-06-20  ,05:46 ,HST ,0.856345
2026-06-20  ,06:01 ,HST ,0.876105
2026-06-20  ,06:16 ,HST ,0.890854
2026-06-20  ,06:31 ,HST ,0.900335
2026-06-20  ,06:46 ,HST ,0.904347
2026-06-20  ,07:01 ,HST ,0.902530
2026-06-20  ,07:16 ,HST ,0.894259
2026-06-20  ,07:31 ,HST ,0.879734
2026-06-20  ,07:46 ,HST ,0.859343
2026-06-20  ,08:01 ,HST ,0.833614
2026-06-20  ,08:16 ,HST ,0.803178
2026-06-20  ,08:31 ,HST ,0.768889
2026-06-20  ,08:46 ,HST ,0.731611
2026-06-20  ,09:01 ,HST ,0.692326
2026-06-20  ,09:16 ,HST ,0.652090
2026-06-20  ,09:31 ,HST ,0.612006
2026-06-20  ,09:46 ,HST ,0.573207
2026-06-20  ,10:01 ,HST ,0.536834
2026-06-20  ,10:16 ,HST ,0.504012
2026-06-20  ,10:31 ,HST ,0.475832
2026-06-20  ,10:46 ,HST ,0.453304
2026-06-20  ,11:01 ,HST ,0.437432
2026-06-20  ,11:16 ,HST ,0.429046
2026-06-20  ,11:31 ,HST ,0.428572
2026-06-20  ,11:46 ,HST ,0.434478
2026-06-20  ,12:01 ,HST ,0.446693
2026-06-20  ,12:16 ,HST ,0.465462
2026-06-20  ,12:31 ,HST ,0.490862
2026-06-20  ,12:46 ,HST ,0.522973
2026-06-20  ,13:01 ,HST ,0.561690
2026-06-20  ,13:16 ,HST ,0.606777
2026-06-20  ,13:31 ,HST ,0.658057
2026-06-20  ,13:46 ,HST ,0.715034
2026-06-20  ,14:01 ,HST ,0.777368
2026-06-20  ,14:16 ,HST ,0.844358
2026-06-20  ,14:31 ,HST ,0.915517
2026-06-20  ,14:46 ,HST ,0.989974
2026-06-20  ,15:01 ,HST ,1.067125
2026-06-20  ,15:16 ,HST ,1.145967
2026-06-20  ,15:31 ,HST ,1.225811
2026-06-20  ,15:46 ,HST ,1.305671
2026-06-20  ,16:01 ,HST ,1.384540
2026-06-20  ,16:16 ,HST ,1.461677
2026-06-20  ,16:31 ,HST ,1.535996
2026-06-20  ,16:46 ,HST ,1.606772
2026-06-20  ,17:01 ,HST ,1.672987
2026-06-20  ,17:16 ,HST ,1.733976
2026-06-20  ,17:31 ,HST ,1.788843
2026-06-20  ,17:46 ,HST ,1.837018
2026-06-20  ,18:01 ,HST ,1.877778
2026-06-20  ,18:16 ,HST ,1.910684
2026-06-20  ,18:31 ,HST ,1.935245
2026-06-20  ,18:46 ,HST ,1.951108
2026-06-20  ,19:01 ,HST ,1.958071
2026-06-20  ,19:16 ,HST ,1.955842
2026-06-20  ,19:31 ,HST ,1.944005
2026-06-20  ,19:46 ,HST ,1.922640
2026-06-20  ,20:01 ,HST ,1.891976
2026-06-20  ,20:16 ,HST ,1.852367
2026-06-20  ,20:31 ,HST ,1.804282
2026-06-20  ,20:46 ,HST ,1.748302
2026-06-20  ,21:01 ,HST ,1.685110
2026-06-20  ,21:16 ,HST ,1.615401
2026-06-20  ,21:31 ,HST ,1.540180
2026-06-20  ,21:46 ,HST ,1.460297
2026-06-20  ,22:01 ,HST ,1.376727
2026-06-20  ,22:16 ,HST ,1.290485
2026-06-20  ,22:31 ,HST ,1.202611
2026-06-20  ,22:46 ,HST ,1.114153
2026-06-20  ,23:01 ,HST ,1.026156
2026-06-20  ,23:16 ,HST ,0.939642
2026-06-20  ,23:31 ,HST ,0.855599
2026-06-20  ,23:46 ,HST ,0.774966
2026-06-21  ,00:01 ,HST ,0.698621
2026-06-21  ,00:16 ,HST ,0.627367
2026-06-21  ,00:31 ,HST ,0.561921
2026-06-21  ,00:46 ,HST ,0.502910
2026-06-21  ,01:01 ,HST ,0.450857
2026-06-21  ,01:16 ,HST ,0.406177
2026-06-21  ,01:31 ,HST ,0.369174
2026-06-21  ,01:46 ,HST ,0.340037
2026-06-21  ,02:01 ,HST ,0.318840
2026-06-21  ,02:16 ,HST ,0.305543
2026-06-21  ,02:31 ,HST ,0.299994
2026-06-21  ,02:46 ,HST ,0.301876
2026-06-21  ,03:01 ,HST ,0.310727
2026-06-21  ,03:16 ,HST ,0.326108
2026-06-21  ,03:31 ,HST ,0.347539
2026-06-21  ,03:46 ,HST ,0.374466
2026-06-21  ,04:01 ,HST ,0.406280
2026-06-21  ,04:16 ,HST ,0.442324
2026-06-21  ,04:31 ,HST ,0.481904
2026-06-21  ,04:46 ,HST ,0.524353
2026-06-21  ,05:01 ,HST ,0.568840
2026-06-21  ,05:16 ,HST ,0.614678
2026-06-21  ,05:31 ,HST ,0.661138
2026-06-21  ,05:46 ,HST ,0.707511
2026-06-21  ,06:01 ,HST ,0.753119
2026-06-21  ,06:16 ,HST ,0.797320
2026-06-21  ,06:31 ,HST ,0.839523
2026-06-21  ,06:46 ,HST ,0.879235
2026-06-21  ,07:01 ,HST ,0.915892
2026-06-21  ,07:16 ,HST ,0.949140
2026-06-21  ,07:31 ,HST ,0.978649
2026-06-21  ,07:46 ,HST ,1.004172
2026-06-21  ,08:01 ,HST ,1.025541
2026-06-21  ,08:16 ,HST ,1.042671
2026-06-21  ,08:31 ,HST ,1.055558
2026-06-21  ,08:46 ,HST ,1.064291
2026-06-21  ,09:01 ,HST ,1.069006
2026-06-21  ,09:16 ,HST ,1.069734
2026-06-21  ,09:31 ,HST ,1.061871
2026-06-21  ,09:46 ,HST ,1.044413
2026-06-21  ,10:01 ,HST ,1.018858
2026-06-21  ,10:16 ,HST ,0.986792
2026-06-21  ,10:31 ,HST ,0.950061
2026-06-21  ,10:46 ,HST ,0.910467
2026-06-21  ,11:01 ,HST ,0.870038
2026-06-21  ,11:16 ,HST ,0.830656
2026-06-21  ,11:31 ,HST ,0.794350
2026-06-21  ,11:46 ,HST ,0.762936
2026-06-21  ,12:01 ,HST ,0.738271
2026-06-21  ,12:16 ,HST ,0.721964
2026-06-21  ,12:31 ,HST ,0.715536
2026-06-21  ,12:46 ,HST ,0.717229
2026-06-21  ,13:01 ,HST ,0.723394
2026-06-21  ,13:16 ,HST ,0.734268
2026-06-21  ,13:31 ,HST ,0.750073
2026-06-21  ,13:46 ,HST ,0.770883
2026-06-21  ,14:01 ,HST ,0.796762
2026-06-21  ,14:16 ,HST ,0.827577
2026-06-21  ,14:31 ,HST ,0.863230
2026-06-21  ,14:46 ,HST ,0.903382
2026-06-21  ,15:01 ,HST ,0.947776
2026-06-21  ,15:16 ,HST ,0.995877
2026-06-21  ,15:31 ,HST ,1.047225
2026-06-21  ,15:46 ,HST ,1.101298
2026-06-21  ,16:01 ,HST ,1.157325
2026-06-21  ,16:16 ,HST ,1.214730
2026-06-21  ,16:31 ,HST ,1.272632
2026-06-21  ,16:46 ,HST ,1.330380
2026-06-21  ,17:01 ,HST ,1.387032
2026-06-21  ,17:16 ,HST ,1.441899
2026-06-21  ,17:31 ,HST ,1.494034
2026-06-21  ,17:46 ,HST ,1.542747
2026-06-21  ,18:01 ,HST ,1.587145
2026-06-21  ,18:16 ,HST ,1.626578
2026-06-21  ,18:31 ,HST ,1.660256
2026-06-21  ,18:46 ,HST ,1.687584
2026-06-21  ,19:01 ,HST ,1.708008
2026-06-21  ,19:16 ,HST ,1.720981
2026-06-21  ,19:31 ,HST ,1.726119
2026-06-21  ,19:46 ,HST ,1.723462
2026-06-21  ,20:01 ,HST ,1.713405
2026-06-21  ,20:16 ,HST ,1.695872
2026-06-21  ,20:31 ,HST ,1.670822
2026-06-21  ,20:46 ,HST ,1.638370
2026-06-21  ,21:01 ,HST ,1.598766
2026-06-21  ,21:16 ,HST ,1.552229
2026-06-21  ,21:31 ,HST ,1.499201
2026-06-21  ,21:46 ,HST ,1.440247
2026-06-21  ,22:01 ,HST ,1.375822
2026-06-21  ,22:16 ,HST ,1.306650
2026-06-21  ,22:31 ,HST ,1.233546
2026-06-21  ,22:46 ,HST ,1.157146
2026-06-21  ,23:01 ,HST ,1.078369
2026-06-21  ,23:16 ,HST ,0.998184
2026-06-21  ,23:31 ,HST ,0.917324
2026-06-21  ,23:46 ,HST ,0.836794
2026-06-22  ,00:01 ,HST ,0.757598
2026-06-22  ,00:16 ,HST ,0.680469
2026-06-22  ,00:31 ,HST ,0.606374
2026-06-22  ,00:46 ,HST ,0.536228
2026-06-22  ,01:01 ,HST ,0.470671
2026-06-22  ,01:16 ,HST ,0.410511
2026-06-22  ,01:31 ,HST ,0.356464
2026-06-22  ,01:46 ,HST ,0.308990
2026-06-22  ,02:01 ,HST ,0.268643
2026-06-22  ,02:16 ,HST ,0.235853
2026-06-22  ,02:31 ,HST ,0.210846
2026-06-22  ,02:46 ,HST ,0.193857
2026-06-22  ,03:01 ,HST ,0.184982
2026-06-22  ,03:16 ,HST ,0.184134
2026-06-22  ,03:31 ,HST ,0.190756
2026-06-22  ,03:46 ,HST ,0.204524
2026-06-22  ,04:01 ,HST ,0.225171
2026-06-22  ,04:16 ,HST ,0.252348
2026-06-22  ,04:31 ,HST ,0.285637
2026-06-22  ,04:46 ,HST ,0.324598
2026-06-22  ,05:01 ,HST ,0.368600
2026-06-22  ,05:16 ,HST ,0.417089
2026-06-22  ,05:31 ,HST ,0.469433
2026-06-22  ,05:46 ,HST ,0.524962
2026-06-22  ,06:01 ,HST ,0.583054
2026-06-22  ,06:16 ,HST ,0.642873
2026-06-22  ,06:31 ,HST ,0.703776
2026-06-22  ,06:46 ,HST ,0.765061
2026-06-22  ,07:01 ,HST ,0.826114
2026-06-22  ,07:16 ,HST ,0.886132
2026-06-22  ,07:31 ,HST ,0.944559
2026-06-22  ,07:46 ,HST ,1.000810
2026-06-22  ,08:01 ,HST ,1.054348
2026-06-22  ,08:16 ,HST ,1.104747
2026-06-22  ,08:31 ,HST ,1.151473
2026-06-22  ,08:46 ,HST ,1.194232
2026-06-22  ,09:01 ,HST ,1.232741
2026-06-22  ,09:16 ,HST ,1.266789
2026-06-22  ,09:31 ,HST ,1.296271
2026-06-22  ,09:46 ,HST ,1.321056
2026-06-22  ,10:01 ,HST ,1.341193
2026-06-22  ,10:16 ,HST ,1.356764
2026-06-22  ,10:31 ,HST ,1.367923
2026-06-22  ,10:46 ,HST ,1.374891
2026-06-22  ,11:01 ,HST ,1.377931
2026-06-22  ,11:16 ,HST ,1.375361
2026-06-22  ,11:31 ,HST ,1.361449
2026-06-22  ,11:46 ,HST ,1.337344
2026-06-22  ,12:01 ,HST ,1.304835
2026-06-22  ,12:16 ,HST ,1.265921
2026-06-22  ,12:31 ,HST ,1.222553
2026-06-22  ,12:46 ,HST ,1.176684
2026-06-22  ,13:01 ,HST ,1.130387
2026-06-22  ,13:16 ,HST ,1.085524
2026-06-22  ,13:31 ,HST ,1.043904
2026-06-22  ,13:46 ,HST ,1.007158
2026-06-22  ,14:01 ,HST ,0.976859
2026-06-22  ,14:16 ,HST ,0.954256
2026-06-22  ,14:31 ,HST ,0.940408
2026-06-22  ,14:46 ,HST ,0.936113
2026-06-22  ,15:01 ,HST ,0.939233
2026-06-22  ,15:16 ,HST ,0.947906
2026-06-22  ,15:31 ,HST ,0.962134
2026-06-22  ,15:46 ,HST ,0.981790
2026-06-22  ,16:01 ,HST ,1.006615
2026-06-22  ,16:16 ,HST ,1.036226
2026-06-22  ,16:31 ,HST ,1.070116
2026-06-22  ,16:46 ,HST ,1.107666
2026-06-22  ,17:01 ,HST ,1.148154
2026-06-22  ,17:16 ,HST ,1.190763
2026-06-22  ,17:31 ,HST ,1.234595
2026-06-22  ,17:46 ,HST ,1.278685
2026-06-22  ,18:01 ,HST ,1.322017
2026-06-22  ,18:16 ,HST ,1.363539
2026-06-22  ,18:31 ,HST ,1.402138
2026-06-22  ,18:46 ,HST ,1.436832
2026-06-22  ,19:01 ,HST ,1.466517
2026-06-22  ,19:16 ,HST ,1.490170
2026-06-22  ,19:31 ,HST ,1.506818
2026-06-22  ,19:46 ,HST ,1.515555
2026-06-22  ,20:01 ,HST ,1.516094
2026-06-22  ,20:16 ,HST ,1.511069
2026-06-22  ,20:31 ,HST ,1.500677
2026-06-22  ,20:46 ,HST ,1.484648
2026-06-22  ,21:01 ,HST ,1.462797
2026-06-22  ,21:16 ,HST ,1.435024
2026-06-22  ,21:31 ,HST ,1.401277
2026-06-22  ,21:46 ,HST ,1.361710
2026-06-22  ,22:01 ,HST ,1.316464
2026-06-22  ,22:16 ,HST ,1.265807
2026-06-22  ,22:31 ,HST ,1.210094
2026-06-22  ,22:46 ,HST ,1.149771
2026-06-22  ,23:01 ,HST ,1.085290
2026-06-22  ,23:16 ,HST ,1.017395
2026-06-22  ,23:31 ,HST ,0.946688
2026-06-22  ,23:46 ,HST ,0.873897
2026-06-23  ,00:01 ,HST ,0.799802
2026-06-23  ,00:16 ,HST ,0.725221
2026-06-23  ,00:31 ,HST ,0.650999
2026-06-23  ,00:46 ,HST ,0.577919
2026-06-23  ,01:01 ,HST ,0.507005
2026-06-23  ,01:16 ,HST ,0.439033
2026-06-23  ,01:31 ,HST ,0.374836
2026-06-23  ,01:46 ,HST ,0.315215
2026-06-23  ,02:01 ,HST ,0.260924
2026-06-23  ,02:16 ,HST ,0.212613
2026-06-23  ,02:31 ,HST ,0.171017
2026-06-23  ,02:46 ,HST ,0.136636
2026-06-23  ,03:01 ,HST ,0.109938
2026-06-23  ,03:16 ,HST ,0.091300
2026-06-23  ,03:31 ,HST ,0.081000
2026-06-23  ,03:46 ,HST ,0.079186
2026-06-23  ,04:01 ,HST ,0.085393
2026-06-23  ,04:16 ,HST ,0.099416
2026-06-23  ,04:31 ,HST ,0.121107
2026-06-23  ,04:46 ,HST ,0.150275
2026-06-23  ,05:01 ,HST ,0.186630
2026-06-23  ,05:16 ,HST ,0.229858
2026-06-23  ,05:31 ,HST ,0.279413
2026-06-23  ,05:46 ,HST ,0.334827
2026-06-23  ,06:01 ,HST ,0.395520
2026-06-23  ,06:16 ,HST ,0.460934
2026-06-23  ,06:31 ,HST ,0.530238
2026-06-23  ,06:46 ,HST ,0.602782
2026-06-23  ,07:01 ,HST ,0.677904
2026-06-23  ,07:16 ,HST ,0.754663
2026-06-23  ,07:31 ,HST ,0.832365
2026-06-23  ,07:46 ,HST ,0.910233
2026-06-23  ,08:01 ,HST ,0.987589
2026-06-23  ,08:16 ,HST ,1.063512
2026-06-23  ,08:31 ,HST ,1.137375
2026-06-23  ,08:46 ,HST ,1.208504
2026-06-23  ,09:01 ,HST ,1.276347
2026-06-23  ,09:16 ,HST ,1.340177
2026-06-23  ,09:31 ,HST ,1.399565
2026-06-23  ,09:46 ,HST ,1.454128
2026-06-23  ,10:01 ,HST ,1.503374
2026-06-23  ,10:16 ,HST ,1.547075
2026-06-23  ,10:31 ,HST ,1.585021
2026-06-23  ,10:46 ,HST ,1.617110
2026-06-23  ,11:01 ,HST ,1.643221
2026-06-23  ,11:16 ,HST ,1.663421
2026-06-23  ,11:31 ,HST ,1.677816
2026-06-23  ,11:46 ,HST ,1.686595
2026-06-23  ,12:01 ,HST ,1.689988
2026-06-23  ,12:16 ,HST ,1.686497
2026-06-23  ,12:31 ,HST ,1.673463
2026-06-23  ,12:46 ,HST ,1.651723
2026-06-23  ,13:01 ,HST ,1.622318
2026-06-23  ,13:16 ,HST ,1.586402
2026-06-23  ,13:31 ,HST ,1.545061
2026-06-23  ,13:46 ,HST ,1.499583
2026-06-23  ,14:01 ,HST ,1.451079
2026-06-23  ,14:16 ,HST ,1.400849
2026-06-23  ,14:31 ,HST ,1.349949
2026-06-23  ,14:46 ,HST ,1.299540
2026-06-23  ,15:01 ,HST ,1.250706
2026-06-23  ,15:16 ,HST ,1.204279
2026-06-23  ,15:31 ,HST ,1.161183
2026-06-23  ,15:46 ,HST ,1.122026
2026-06-23  ,16:01 ,HST ,1.087450
2026-06-23  ,16:16 ,HST ,1.057797
2026-06-23  ,16:31 ,HST ,1.033363
2026-06-23  ,16:46 ,HST ,1.014268
2026-06-23  ,17:01 ,HST ,1.000411
2026-06-23  ,17:16 ,HST ,0.991607
2026-06-23  ,17:31 ,HST ,0.987468
2026-06-23  ,17:46 ,HST ,0.989718
2026-06-23  ,18:01 ,HST ,1.009262
2026-06-23  ,18:16 ,HST ,1.044505
2026-06-23  ,18:31 ,HST ,1.091320
2026-06-23  ,18:46 ,HST ,1.145181
2026-06-23  ,19:01 ,HST ,1.201243
2026-06-23  ,19:16 ,HST ,1.254414
2026-06-23  ,19:31 ,HST ,1.299445
2026-06-23  ,19:46 ,HST ,1.331041
2026-06-23  ,20:01 ,HST ,1.343812
2026-06-23  ,20:16 ,HST ,1.342787
2026-06-23  ,20:31 ,HST ,1.338900
2026-06-23  ,20:46 ,HST ,1.331697
2026-06-23  ,21:01 ,HST ,1.320743
2026-06-23  ,21:16 ,HST ,1.305636
2026-06-23  ,21:31 ,HST ,1.286047
2026-06-23  ,21:46 ,HST ,1.261686
2026-06-23  ,22:01 ,HST ,1.232427
2026-06-23  ,22:16 ,HST ,1.198151
2026-06-23  ,22:31 ,HST ,1.158852
2026-06-23  ,22:46 ,HST ,1.114566
2026-06-23  ,23:01 ,HST ,1.065571
2026-06-23  ,23:16 ,HST ,1.012095
2026-06-23  ,23:31 ,HST ,0.954503
2026-06-23  ,23:46 ,HST ,0.893249
2026-06-24  ,00:01 ,HST ,0.828798
2026-06-24  ,00:16 ,HST ,0.761905
2026-06-24  ,00:31 ,HST ,0.693182
2026-06-24  ,00:46 ,HST ,0.623372
2026-06-24  ,01:01 ,HST ,0.553190
2026-06-24  ,01:16 ,HST ,0.483618
2026-06-24  ,01:31 ,HST ,0.415437
2026-06-24  ,01:46 ,HST ,0.349515
2026-06-24  ,02:01 ,HST ,0.286656
2026-06-24  ,02:16 ,HST ,0.227854
2026-06-24  ,02:31 ,HST ,0.173868
2026-06-24  ,02:46 ,HST ,0.125490
2026-06-24  ,03:01 ,HST ,0.083460
2026-06-24  ,03:16 ,HST ,0.048420
2026-06-24  ,03:31 ,HST ,0.021048
2026-06-24  ,03:46 ,HST ,0.001817
2026-06-24  ,04:01 ,HST ,-0.008849
2026-06-24  ,04:16 ,HST ,-0.010661
2026-06-24  ,04:31 ,HST ,-0.003950
2026-06-24  ,04:46 ,HST ,0.011209
2026-06-24  ,05:01 ,HST ,0.034777
2026-06-24  ,05:16 ,HST ,0.066709
2026-06-24  ,05:31 ,HST ,0.106736
2026-06-24  ,05:46 ,HST ,0.154657
2026-06-24  ,06:01 ,HST ,0.210049
2026-06-24  ,06:16 ,HST ,0.272364
2026-06-24  ,06:31 ,HST ,0.341193
2026-06-24  ,06:46 ,HST ,0.415750
2026-06-24  ,07:01 ,HST ,0.495511
2026-06-24  ,07:16 ,HST ,0.579541
2026-06-24  ,07:31 ,HST ,0.667228
2026-06-24  ,07:46 ,HST ,0.757532
2026-06-24  ,08:01 ,HST ,0.849787
2026-06-24  ,08:16 ,HST ,0.942898
2026-06-24  ,08:31 ,HST ,1.036185
2026-06-24  ,08:46 ,HST ,1.128654
2026-06-24  ,09:01 ,HST ,1.219335
2026-06-24  ,09:16 ,HST ,1.307592
2026-06-24  ,09:31 ,HST ,1.392424
2026-06-24  ,09:46 ,HST ,1.473274
2026-06-24  ,10:01 ,HST ,1.549264
2026-06-24  ,10:16 ,HST ,1.619942
2026-06-24  ,10:31 ,HST ,1.684595
2026-06-24  ,10:46 ,HST ,1.742900
2026-06-24  ,11:01 ,HST ,1.794396
2026-06-24  ,11:16 ,HST ,1.838741
2026-06-24  ,11:31 ,HST ,1.875834
2026-06-24  ,11:46 ,HST ,1.905484
2026-06-24  ,12:01 ,HST ,1.927745
2026-06-24  ,12:16 ,HST ,1.942643
2026-06-24  ,12:31 ,HST ,1.950382
2026-06-24  ,12:46 ,HST ,1.951170
2026-06-24  ,13:01 ,HST ,1.945079
2026-06-24  ,13:16 ,HST ,1.932493
2026-06-24  ,13:31 ,HST ,1.913929
2026-06-24  ,13:46 ,HST ,1.889970
2026-06-24  ,14:01 ,HST ,1.861221
2026-06-24  ,14:16 ,HST ,1.828424
2026-06-24  ,14:31 ,HST ,1.792258
2026-06-24  ,14:46 ,HST ,1.753406
2026-06-24  ,15:01 ,HST ,1.712684
2026-06-24  ,15:16 ,HST ,1.670774
2026-06-24  ,15:31 ,HST ,1.628331
2026-06-24  ,15:46 ,HST ,1.586120
2026-06-24  ,16:01 ,HST ,1.544721
2026-06-24  ,16:16 ,HST ,1.504708
2026-06-24  ,16:31 ,HST ,1.466552
2026-06-24  ,16:46 ,HST ,1.430778
2026-06-24  ,17:01 ,HST ,1.397705
2026-06-24  ,17:16 ,HST ,1.367583
2026-06-24  ,17:31 ,HST ,1.340671
2026-06-24  ,17:46 ,HST ,1.317041
2026-06-24  ,18:01 ,HST ,1.296688
2026-06-24  ,18:16 ,HST ,1.279585
2026-06-24  ,18:31 ,HST ,1.265548
2026-06-24  ,18:46 ,HST ,1.254339
2026-06-24  ,19:01 ,HST ,1.245636
2026-06-24  ,19:16 ,HST ,1.239073
2026-06-24  ,19:31 ,HST ,1.234195
2026-06-24  ,19:46 ,HST ,1.230506
2026-06-24  ,20:01 ,HST ,1.227478
2026-06-24  ,20:16 ,HST ,1.224542
2026-06-24  ,20:31 ,HST ,1.221115
2026-06-24  ,20:46 ,HST ,1.216616
2026-06-24  ,21:01 ,HST ,1.210465
2026-06-24  ,21:16 ,HST ,1.202093
2026-06-24  ,21:31 ,HST ,1.190991
2026-06-24  ,21:46 ,HST ,1.176667
2026-06-24  ,22:01 ,HST ,1.158694
2026-06-24  ,22:16 ,HST ,1.136680
2026-06-24  ,22:31 ,HST ,1.110383
2026-06-24  ,22:46 ,HST ,1.079573
2026-06-24  ,23:01 ,HST ,1.044086
2026-06-24  ,23:16 ,HST ,1.003971
2026-06-24  ,23:31 ,HST ,0.959262
2026-06-24  ,23:46 ,HST ,0.910065
2026-06-25  ,00:01 ,HST ,0.856754
2026-06-25  ,00:16 ,HST ,0.799637
2026-06-25  ,00:31 ,HST ,0.739167
2026-06-25  ,00:46 ,HST ,0.675814
2026-06-25  ,01:01 ,HST ,0.610339
2026-06-25  ,01:16 ,HST ,0.543370
2026-06-25  ,01:31 ,HST ,0.475590
2026-06-25  ,01:46 ,HST ,0.407960
2026-06-25  ,02:01 ,HST ,0.341260
2026-06-25  ,02:16 ,HST ,0.276298
2026-06-25  ,02:31 ,HST ,0.214115
2026-06-25  ,02:46 ,HST ,0.155534
2026-06-25  ,03:01 ,HST ,0.101438
2026-06-25  ,03:16 ,HST ,0.052634
2026-06-25  ,03:31 ,HST ,0.010044
2026-06-25  ,03:46 ,HST ,-0.025627
2026-06-25  ,04:01 ,HST ,-0.053714
2026-06-25  ,04:16 ,HST ,-0.073539
2026-06-25  ,04:31 ,HST ,-0.084615
2026-06-25  ,04:46 ,HST ,-0.086540
2026-06-25  ,05:01 ,HST ,-0.079429
2026-06-25  ,05:16 ,HST ,-0.063223
2026-06-25  ,05:31 ,HST ,-0.037878
2026-06-25  ,05:46 ,HST ,-0.003362
2026-06-25  ,06:01 ,HST ,0.040166
2026-06-25  ,06:16 ,HST ,0.092401
2026-06-25  ,06:31 ,HST ,0.153112
2026-06-25  ,06:46 ,HST ,0.221712
2026-06-25  ,07:01 ,HST ,0.297806
2026-06-25  ,07:16 ,HST ,0.380583
2026-06-25  ,07:31 ,HST ,0.469504
2026-06-25  ,07:46 ,HST ,0.563570
2026-06-25  ,08:01 ,HST ,0.662129
2026-06-25  ,08:16 ,HST ,0.764038
2026-06-25  ,08:31 ,HST ,0.868567
2026-06-25  ,08:46 ,HST ,0.974608
2026-06-25  ,09:01 ,HST ,1.081031
2026-06-25  ,09:16 ,HST ,1.187062
2026-06-25  ,09:31 ,HST ,1.291457
2026-06-25  ,09:46 ,HST ,1.393470
2026-06-25  ,10:01 ,HST ,1.491922
2026-06-25  ,10:16 ,HST ,1.586135
2026-06-25  ,10:31 ,HST ,1.675051
2026-06-25  ,10:46 ,HST ,1.758099
2026-06-25  ,11:01 ,HST ,1.834478
2026-06-25  ,11:16 ,HST ,1.903504
2026-06-25  ,11:31 ,HST ,1.964821
2026-06-25  ,11:46 ,HST ,2.017875
2026-06-25  ,12:01 ,HST ,2.062478
2026-06-25  ,12:16 ,HST ,2.098329
2026-06-25  ,12:31 ,HST ,2.125415
2026-06-25  ,12:46 ,HST ,2.143692
2026-06-25  ,13:01 ,HST ,2.153324
2026-06-25  ,13:16 ,HST ,2.154483
2026-06-25  ,13:31 ,HST ,2.147163
2026-06-25  ,13:46 ,HST ,2.131698
2026-06-25  ,14:01 ,HST ,2.108677
2026-06-25  ,14:16 ,HST ,2.078726
2026-06-25  ,14:31 ,HST ,2.042514
2026-06-25  ,14:46 ,HST ,2.000893
2026-06-25  ,15:01 ,HST ,1.954645
2026-06-25  ,15:16 ,HST ,1.904623
2026-06-25  ,15:31 ,HST ,1.851635
2026-06-25  ,15:46 ,HST ,1.796673
2026-06-25  ,16:01 ,HST ,1.740542
2026-06-25  ,16:16 ,HST ,1.684016
2026-06-25  ,16:31 ,HST ,1.628016
2026-06-25  ,16:46 ,HST ,1.573228
2026-06-25  ,17:01 ,HST ,1.520331
2026-06-25  ,17:16 ,HST ,1.469880
2026-06-25  ,17:31 ,HST ,1.422510
2026-06-25  ,17:46 ,HST ,1.378597
2026-06-25  ,18:01 ,HST ,1.338434
2026-06-25  ,18:16 ,HST ,1.302343
2026-06-25  ,18:31 ,HST ,1.270409
2026-06-25  ,18:46 ,HST ,1.242657
2026-06-25  ,19:01 ,HST ,1.218989
2026-06-25  ,19:16 ,HST ,1.199279
2026-06-25  ,19:31 ,HST ,1.183230
2026-06-25  ,19:46 ,HST ,1.170470
2026-06-25  ,20:01 ,HST ,1.160592
2026-06-25  ,20:16 ,HST ,1.153072
2026-06-25  ,20:31 ,HST ,1.147346
2026-06-25  ,20:46 ,HST ,1.142799
2026-06-25  ,21:01 ,HST ,1.138797
2026-06-25  ,21:16 ,HST ,1.134671
2026-06-25  ,21:31 ,HST ,1.129753
2026-06-25  ,21:46 ,HST ,1.123375
2026-06-25  ,22:01 ,HST ,1.114916
2026-06-25  ,22:16 ,HST ,1.103770
2026-06-25  ,22:31 ,HST ,1.089370
2026-06-25  ,22:46 ,HST ,1.071261
2026-06-25  ,23:01 ,HST ,1.049018
2026-06-25  ,23:16 ,HST ,1.022311
2026-06-25  ,23:31 ,HST ,0.990869
2026-06-25  ,23:46 ,HST ,0.954624
2026-06-26  ,00:01 ,HST ,0.913514
2026-06-26  ,00:16 ,HST ,0.867563
2026-06-26  ,00:31 ,HST ,0.817062
2026-06-26  ,00:46 ,HST ,0.762259
2026-06-26  ,01:01 ,HST ,0.703561
2026-06-26  ,01:16 ,HST ,0.641406
2026-06-26  ,01:31 ,HST ,0.576536
2026-06-26  ,01:46 ,HST ,0.509580
2026-06-26  ,02:01 ,HST ,0.441235
2026-06-26  ,02:16 ,HST ,0.372496
2026-06-26  ,02:31 ,HST ,0.304185
2026-06-26  ,02:46 ,HST ,0.237242
2026-06-26  ,03:01 ,HST ,0.172564
2026-06-26  ,03:16 ,HST ,0.111274
2026-06-26  ,03:31 ,HST ,0.054274
2026-06-26  ,03:46 ,HST ,0.002468
2026-06-26  ,04:01 ,HST ,-0.043112
2026-06-26  ,04:16 ,HST ,-0.081656
2026-06-26  ,04:31 ,HST ,-0.112360
2026-06-26  ,04:46 ,HST ,-0.134522
2026-06-26  ,05:01 ,HST ,-0.147463
2026-06-26  ,05:16 ,HST ,-0.150697
2026-06-26  ,05:31 ,HST ,-0.144221
2026-06-26  ,05:46 ,HST ,-0.128003
2026-06-26  ,06:01 ,HST ,-0.101896
2026-06-26  ,06:16 ,HST ,-0.065821
2026-06-26  ,06:31 ,HST ,-0.019951
2026-06-26  ,06:46 ,HST ,0.035607
2026-06-26  ,07:01 ,HST ,0.100396
2026-06-26  ,07:16 ,HST ,0.174114
2026-06-26  ,07:31 ,HST ,0.256033
2026-06-26  ,07:46 ,HST ,0.345567
2026-06-26  ,08:01 ,HST ,0.442064
2026-06-26  ,08:16 ,HST ,0.544452
2026-06-26  ,08:31 ,HST ,0.652028
2026-06-26  ,08:46 ,HST ,0.763551
2026-06-26  ,09:01 ,HST ,0.878218
2026-06-26  ,09:16 ,HST ,0.994676
2026-06-26  ,09:31 ,HST ,1.111936
2026-06-26  ,09:46 ,HST ,1.229001
2026-06-26  ,10:01 ,HST ,1.344476
2026-06-26  ,10:16 ,HST ,1.457515
2026-06-26  ,10:31 ,HST ,1.566785
2026-06-26  ,10:46 ,HST ,1.671387
2026-06-26  ,11:01 ,HST ,1.770462
2026-06-26  ,11:16 ,HST ,1.862891
2026-06-26  ,11:31 ,HST ,1.948070
2026-06-26  ,11:46 ,HST ,2.025090
2026-06-26  ,12:01 ,HST ,2.093513
2026-06-26  ,12:16 ,HST ,2.152681
2026-06-26  ,12:31 ,HST ,2.202293
2026-06-26  ,12:46 ,HST ,2.242124
2026-06-26  ,13:01 ,HST ,2.271943
2026-06-26  ,13:16 ,HST ,2.291800
2026-06-26  ,13:31 ,HST ,2.301756
2026-06-26  ,13:46 ,HST ,2.301996
2026-06-26  ,14:01 ,HST ,2.292435
2026-06-26  ,14:16 ,HST ,2.273453
2026-06-26  ,14:31 ,HST ,2.245700
2026-06-26  ,14:46 ,HST ,2.209865
2026-06-26  ,15:01 ,HST ,2.166746
2026-06-26  ,15:16 ,HST ,2.117153
2026-06-26  ,15:31 ,HST ,2.062127
2026-06-26  ,15:46 ,HST ,2.002589
2026-06-26  ,16:01 ,HST ,1.939541
2026-06-26  ,16:16 ,HST ,1.873992
2026-06-26  ,16:31 ,HST ,1.806872
2026-06-26  ,16:46 ,HST ,1.739311
2026-06-26  ,17:01 ,HST ,1.672178
2026-06-26  ,17:16 ,HST ,1.606361
2026-06-26  ,17:31 ,HST ,1.542612
2026-06-26  ,17:46 ,HST ,1.481811
2026-06-26  ,18:01 ,HST ,1.424534
2026-06-26  ,18:16 ,HST ,1.371327
2026-06-26  ,18:31 ,HST ,1.322627
2026-06-26  ,18:46 ,HST ,1.278710
2026-06-26  ,19:01 ,HST ,1.239878
2026-06-26  ,19:16 ,HST ,1.206164
2026-06-26  ,19:31 ,HST ,1.177531
2026-06-26  ,19:46 ,HST ,1.153807
2026-06-26  ,20:01 ,HST ,1.134780
2026-06-26  ,20:16 ,HST ,1.120054
2026-06-26  ,20:31 ,HST ,1.109169
2026-06-26  ,20:46 ,HST ,1.101576
2026-06-26  ,21:01 ,HST ,1.096651
2026-06-26  ,21:16 ,HST ,1.093725
2026-06-26  ,21:31 ,HST ,1.092065
2026-06-26  ,21:46 ,HST ,1.090918
2026-06-26  ,22:01 ,HST ,1.089513
2026-06-26  ,22:16 ,HST ,1.087086
2026-06-26  ,22:31 ,HST ,1.082887
2026-06-26  ,22:46 ,HST ,1.076203
2026-06-26  ,23:01 ,HST ,1.066370
2026-06-26  ,23:16 ,HST ,1.052770
2026-06-26  ,23:31 ,HST ,1.034911
2026-06-26  ,23:46 ,HST ,1.012346
2026-06-27  ,00:01 ,HST ,0.984743
2026-06-27  ,00:16 ,HST ,0.951838
2026-06-27  ,00:31 ,HST ,0.913596
2026-06-27  ,00:46 ,HST ,0.869994
2026-06-27  ,01:01 ,HST ,0.821169
2026-06-27  ,01:16 ,HST ,0.767380
2026-06-27  ,01:31 ,HST ,0.708942
2026-06-27  ,01:46 ,HST ,0.646482
2026-06-27  ,02:01 ,HST ,0.580551
2026-06-27  ,02:16 ,HST ,0.511863
2026-06-27  ,02:31 ,HST ,0.441151
2026-06-27  ,02:46 ,HST ,0.369460
2026-06-27  ,03:01 ,HST ,0.297675
2026-06-27  ,03:16 ,HST ,0.226807
2026-06-27  ,03:31 ,HST ,0.157909
2026-06-27  ,03:46 ,HST ,0.091981
2026-06-27  ,04:01 ,HST ,0.030243
2026-06-27  ,04:16 ,HST ,-0.026318
2026-06-27  ,04:31 ,HST ,-0.076674
2026-06-27  ,04:46 ,HST ,-0.119890
2026-06-27  ,05:01 ,HST ,-0.154961
2026-06-27  ,05:16 ,HST ,-0.181108
2026-06-27  ,05:31 ,HST ,-0.197602
2026-06-27  ,05:46 ,HST ,-0.203825
2026-06-27  ,06:01 ,HST ,-0.199557
2026-06-27  ,06:16 ,HST ,-0.184875
2026-06-27  ,06:31 ,HST ,-0.159576
2026-06-27  ,06:46 ,HST ,-0.123583
2026-06-27  ,07:01 ,HST ,-0.076952
2026-06-27  ,07:16 ,HST ,-0.019800
2026-06-27  ,07:31 ,HST ,0.047421
2026-06-27  ,07:46 ,HST ,0.124319
2026-06-27  ,08:01 ,HST ,0.210317
2026-06-27  ,08:16 ,HST ,0.304718
2026-06-27  ,08:31 ,HST ,0.406835
2026-06-27  ,08:46 ,HST ,0.515526
2026-06-27  ,09:01 ,HST ,0.629906
2026-06-27  ,09:16 ,HST ,0.748899
2026-06-27  ,09:31 ,HST ,0.871366
2026-06-27  ,09:46 ,HST ,0.996263
2026-06-27  ,10:01 ,HST ,1.122086
2026-06-27  ,10:16 ,HST ,1.247739
2026-06-27  ,10:31 ,HST ,1.371987
2026-06-27  ,10:46 ,HST ,1.493609
2026-06-27  ,11:01 ,HST ,1.611550
2026-06-27  ,11:16 ,HST ,1.724402
2026-06-27  ,11:31 ,HST ,1.831227
2026-06-27  ,11:46 ,HST ,1.931027
2026-06-27  ,12:01 ,HST ,2.022897
2026-06-27  ,12:16 ,HST ,2.106120
2026-06-27  ,12:31 ,HST ,2.179818
2026-06-27  ,12:46 ,HST ,2.243519
2026-06-27  ,13:01 ,HST ,2.296782
2026-06-27  ,13:16 ,HST ,2.339299
2026-06-27  ,13:31 ,HST ,2.370926
2026-06-27  ,13:46 ,HST ,2.391555
2026-06-27  ,14:01 ,HST ,2.401330
2026-06-27  ,14:16 ,HST ,2.399891
2026-06-27  ,14:31 ,HST ,2.385040
2026-06-27  ,14:46 ,HST ,2.357179
2026-06-27  ,15:01 ,HST ,2.317096
2026-06-27  ,15:16 ,HST ,2.265871
2026-06-27  ,15:31 ,HST ,2.204521
2026-06-27  ,15:46 ,HST ,2.134411
2026-06-27  ,16:01 ,HST ,2.056714
2026-06-27  ,16:16 ,HST ,1.972983
2026-06-27  ,16:31 ,HST ,1.884464
2026-06-27  ,16:46 ,HST ,1.792791
2026-06-27  ,17:01 ,HST ,1.699200
2026-06-27  ,17:16 ,HST ,1.605294
2026-06-27  ,17:31 ,HST ,1.512216
2026-06-27  ,17:46 ,HST ,1.421432
2026-06-27  ,18:01 ,HST ,1.333916
2026-06-27  ,18:16 ,HST ,1.250907
2026-06-27  ,18:31 ,HST ,1.173143
2026-06-27  ,18:46 ,HST ,1.101560
2026-06-27  ,19:01 ,HST ,1.036616
2026-06-27  ,19:16 ,HST ,0.978894
2026-06-27  ,19:31 ,HST ,0.928543
2026-06-27  ,19:46 ,HST ,0.885769
2026-06-27  ,20:01 ,HST ,0.850408
2026-06-27  ,20:16 ,HST ,0.822294
2026-06-27  ,20:31 ,HST ,0.800965
2026-06-27  ,20:46 ,HST ,0.785916
2026-06-27  ,21:01 ,HST ,0.776426
2026-06-27  ,21:16 ,HST ,0.771708
2026-06-27  ,21:31 ,HST ,0.771828
2026-06-27  ,21:46 ,HST ,0.795730
2026-06-27  ,22:01 ,HST ,0.842914
2026-06-27  ,22:16 ,HST ,0.902160
2026-06-27  ,22:31 ,HST ,0.962220
2026-06-27  ,22:46 ,HST ,1.011828
2026-06-27  ,23:01 ,HST ,1.039687
2026-06-27  ,23:16 ,HST ,1.041830
2026-06-27  ,23:31 ,HST ,1.038558
2026-06-27  ,23:46 ,HST ,1.031589
2026-06-28  ,00:01 ,HST ,1.020264
2026-06-28  ,00:16 ,HST ,1.004035
2026-06-28  ,00:31 ,HST ,0.982405
2026-06-28  ,00:46 ,HST ,0.955047
2026-06-28  ,01:01 ,HST ,0.921783
2026-06-28  ,01:16 ,HST ,0.882461
2026-06-28  ,01:31 ,HST ,0.837170
2026-06-28  ,01:46 ,HST ,0.786108
2026-06-28  ,02:01 ,HST ,0.729677
2026-06-28  ,02:16 ,HST ,0.668226
2026-06-28  ,02:31 ,HST ,0.602421
2026-06-28  ,02:46 ,HST ,0.533064
2026-06-28  ,03:01 ,HST ,0.460844
2026-06-28  ,03:16 ,HST ,0.386774
2026-06-28  ,03:31 ,HST ,0.311958
2026-06-28  ,03:46 ,HST ,0.237324
2026-06-28  ,04:01 ,HST ,0.164094
2026-06-28  ,04:16 ,HST ,0.093444
2026-06-28  ,04:31 ,HST ,0.026626
2026-06-28  ,04:46 ,HST ,-0.035327
2026-06-28  ,05:01 ,HST ,-0.091194
2026-06-28  ,05:16 ,HST ,-0.139827
2026-06-28  ,05:31 ,HST ,-0.180302
2026-06-28  ,05:46 ,HST ,-0.211618
2026-06-28  ,06:01 ,HST ,-0.232939
2026-06-28  ,06:16 ,HST ,-0.243538
2026-06-28  ,06:31 ,HST ,-0.242962
2026-06-28  ,06:46 ,HST ,-0.231326
2026-06-28  ,07:01 ,HST ,-0.208419
2026-06-28  ,07:16 ,HST ,-0.174129
2026-06-28  ,07:31 ,HST ,-0.128476
2026-06-28  ,07:46 ,HST ,-0.071628
2026-06-28  ,08:01 ,HST ,-0.003897
2026-06-28  ,08:16 ,HST ,0.074265
2026-06-28  ,08:31 ,HST ,0.162269
2026-06-28  ,08:46 ,HST ,0.259392
2026-06-28  ,09:01 ,HST ,0.364793
2026-06-28  ,09:16 ,HST ,0.477517
2026-06-28  ,09:31 ,HST ,0.596510
2026-06-28  ,09:46 ,HST ,0.720631
2026-06-28  ,10:01 ,HST ,0.848670
2026-06-28  ,10:16 ,HST ,0.979360
2026-06-28  ,10:31 ,HST ,1.111398
2026-06-28  ,10:46 ,HST ,1.243458
2026-06-28  ,11:01 ,HST ,1.374213
2026-06-28  ,11:16 ,HST ,1.502350
2026-06-28  ,11:31 ,HST ,1.626590
2026-06-28  ,11:46 ,HST ,1.745701
2026-06-28  ,12:01 ,HST ,1.858397
2026-06-28  ,12:16 ,HST ,1.963853
2026-06-28  ,12:31 ,HST ,2.060953
2026-06-28  ,12:46 ,HST ,2.148819
2026-06-28  ,13:01 ,HST ,2.226698
2026-06-28  ,13:16 ,HST ,2.293963
2026-06-28  ,13:31 ,HST ,2.350127
2026-06-28  ,13:46 ,HST ,2.394846
2026-06-28  ,14:01 ,HST ,2.427922
2026-06-28  ,14:16 ,HST ,2.449306
2026-06-28  ,14:31 ,HST ,2.459095
2026-06-28  ,14:46 ,HST ,2.456784
2026-06-28  ,15:01 ,HST ,2.440127
2026-06-28  ,15:16 ,HST ,2.409639
2026-06-28  ,15:31 ,HST ,2.366214
2026-06-28  ,15:46 ,HST ,2.310846
2026-06-28  ,16:01 ,HST ,2.244861
2026-06-28  ,16:16 ,HST ,2.169441
2026-06-28  ,16:31 ,HST ,2.086171
2026-06-28  ,16:46 ,HST ,1.996364
2026-06-28  ,17:01 ,HST ,1.901752
2026-06-28  ,17:16 ,HST ,1.803690
2026-06-28  ,17:31 ,HST ,1.703937
2026-06-28  ,17:46 ,HST ,1.603796
2026-06-28  ,18:01 ,HST ,1.504939
2026-06-28  ,18:16 ,HST ,1.408629
2026-06-28  ,18:31 ,HST ,1.316036
2026-06-28  ,18:46 ,HST ,1.228501
2026-06-28  ,19:01 ,HST ,1.146836
2026-06-28  ,19:16 ,HST ,1.072055
2026-06-28  ,19:31 ,HST ,1.004666
2026-06-28  ,19:46 ,HST ,0.945304
2026-06-28  ,20:01 ,HST ,0.894143
2026-06-28  ,20:16 ,HST ,0.851408
2026-06-28  ,20:31 ,HST ,0.816934
2026-06-28  ,20:46 ,HST ,0.790540
2026-06-28  ,21:01 ,HST ,0.771756
2026-06-28  ,21:16 ,HST ,0.759979
2026-06-28  ,21:31 ,HST ,0.754492
2026-06-28  ,21:46 ,HST ,0.756118
2026-06-28  ,22:01 ,HST ,0.773494
2026-06-28  ,22:16 ,HST ,0.804722
2026-06-28  ,22:31 ,HST ,0.845739
2026-06-28  ,22:46 ,HST ,0.892317
2026-06-28  ,23:01 ,HST ,0.940133
2026-06-28  ,23:16 ,HST ,0.984845
2026-06-28  ,23:31 ,HST ,1.022163
2026-06-28  ,23:46 ,HST ,1.047923
2026-06-29  ,00:01 ,HST ,1.058160
2026-06-29  ,00:16 ,HST ,1.056371
2026-06-29  ,00:31 ,HST ,1.049926
2026-06-29  ,00:46 ,HST ,1.038198
2026-06-29  ,01:01 ,HST ,1.020645
2026-06-29  ,01:16 ,HST ,0.996851
2026-06-29  ,01:31 ,HST ,0.966575
2026-06-29  ,01:46 ,HST ,0.929615
2026-06-29  ,02:01 ,HST ,0.886015
2026-06-29  ,02:16 ,HST ,0.835942
2026-06-29  ,02:31 ,HST ,0.779779
2026-06-29  ,02:46 ,HST ,0.717872
2026-06-29  ,03:01 ,HST ,0.650887
2026-06-29  ,03:16 ,HST ,0.579573
2026-06-29  ,03:31 ,HST ,0.504796
2026-06-29  ,03:46 ,HST ,0.427623
2026-06-29  ,04:01 ,HST ,0.348959
2026-06-29  ,04:16 ,HST ,0.270040
2026-06-29  ,04:31 ,HST ,0.192076
2026-06-29  ,04:46 ,HST ,0.116397
2026-06-29  ,05:01 ,HST ,0.044107
2026-06-29  ,05:16 ,HST ,-0.023450
2026-06-29  ,05:31 ,HST ,-0.085036
2026-06-29  ,05:46 ,HST ,-0.139463
2026-06-29  ,06:01 ,HST ,-0.185565
2026-06-29  ,06:16 ,HST ,-0.222412
2026-06-29  ,06:31 ,HST ,-0.249028
2026-06-29  ,06:46 ,HST ,-0.264613
2026-06-29  ,07:01 ,HST ,-0.268523
2026-06-29  ,07:16 ,HST ,-0.260755
2026-06-29  ,07:31 ,HST ,-0.241249
2026-06-29  ,07:46 ,HST ,-0.209888
2026-06-29  ,08:01 ,HST ,-0.166588
2026-06-29  ,08:16 ,HST ,-0.111521
2026-06-29  ,08:31 ,HST ,-0.045065
2026-06-29  ,08:46 ,HST ,0.032485
2026-06-29  ,09:01 ,HST ,0.120468
2026-06-29  ,09:16 ,HST ,0.218151
2026-06-29  ,09:31 ,HST ,0.324547
2026-06-29  ,09:46 ,HST ,0.438915
2026-06-29  ,10:01 ,HST ,0.560049
2026-06-29  ,10:16 ,HST ,0.686619
2026-06-29  ,10:31 ,HST ,0.817655
2026-06-29  ,10:46 ,HST ,0.951693
2026-06-29  ,11:01 ,HST ,1.087371
2026-06-29  ,11:16 ,HST ,1.223147
2026-06-29  ,11:31 ,HST ,1.357936
2026-06-29  ,11:46 ,HST ,1.490205
2026-06-29  ,12:01 ,HST ,1.618462
2026-06-29  ,12:16 ,HST ,1.741702
2026-06-29  ,12:31 ,HST ,1.858548
2026-06-29  ,12:46 ,HST ,1.967856
2026-06-29  ,13:01 ,HST ,2.068469
2026-06-29  ,13:16 ,HST ,2.159688
2026-06-29  ,13:31 ,HST ,2.240588
2026-06-29  ,13:46 ,HST ,2.310425
2026-06-29  ,14:01 ,HST ,2.368834
2026-06-29  ,14:16 ,HST ,2.415355
2026-06-29  ,14:31 ,HST ,2.449767
2026-06-29  ,14:46 ,HST ,2.471987
2026-06-29  ,15:01 ,HST ,2.482157
2026-06-29  ,15:16 ,HST ,2.479707
2026-06-29  ,15:31 ,HST ,2.462348
2026-06-29  ,15:46 ,HST ,2.430585
2026-06-29  ,16:01 ,HST ,2.385350
2026-06-29  ,16:16 ,HST ,2.327750
2026-06-29  ,16:31 ,HST ,2.259042
2026-06-29  ,16:46 ,HST ,2.180608
2026-06-29  ,17:01 ,HST ,2.093936
2026-06-29  ,17:16 ,HST ,2.000590
2026-06-29  ,17:31 ,HST ,1.902184
2026-06-29  ,17:46 ,HST ,1.800354
2026-06-29  ,18:01 ,HST ,1.696729
2026-06-29  ,18:16 ,HST ,1.592906
2026-06-29  ,18:31 ,HST ,1.490419
2026-06-29  ,18:46 ,HST ,1.390720
2026-06-29  ,19:01 ,HST ,1.295148
2026-06-29  ,19:16 ,HST ,1.204913
2026-06-29  ,19:31 ,HST ,1.121074
2026-06-29  ,19:46 ,HST ,1.044525
2026-06-29  ,20:01 ,HST ,0.975909
2026-06-29  ,20:16 ,HST ,0.915901
2026-06-29  ,20:31 ,HST ,0.864749
2026-06-29  ,20:46 ,HST ,0.822585
2026-06-29  ,21:01 ,HST ,0.789342
2026-06-29  ,21:16 ,HST ,0.764761
2026-06-29  ,21:31 ,HST ,0.748398
2026-06-29  ,21:46 ,HST ,0.739633
2026-06-29  ,22:01 ,HST ,0.737872
2026-06-29  ,22:16 ,HST ,0.747955
2026-06-29  ,22:31 ,HST ,0.770638
2026-06-29  ,22:46 ,HST ,0.803319
2026-06-29  ,23:01 ,HST ,0.843232
2026-06-29  ,23:16 ,HST ,0.887436
2026-06-29  ,23:31 ,HST ,0.933079
2026-06-29  ,23:46 ,HST ,0.977130
2026-06-30  ,00:01 ,HST ,1.016596
2026-06-30  ,00:16 ,HST ,1.048703
2026-06-30  ,00:31 ,HST ,1.070661
2026-06-30  ,00:46 ,HST ,1.079909
2026-06-30  ,01:01 ,HST ,1.078151
2026-06-30  ,01:16 ,HST ,1.070787
2026-06-30  ,01:31 ,HST ,1.057312
2026-06-30  ,01:46 ,HST ,1.037226
2026-06-30  ,02:01 ,HST ,1.010239
2026-06-30  ,02:16 ,HST ,0.976110
2026-06-30  ,02:31 ,HST ,0.934886
2026-06-30  ,02:46 ,HST ,0.886670
2026-06-30  ,03:01 ,HST ,0.831692
2026-06-30  ,03:16 ,HST ,0.770522
2026-06-30  ,03:31 ,HST ,0.703634
2026-06-30  ,03:46 ,HST ,0.631918
2026-06-30  ,04:01 ,HST ,0.556099
2026-06-30  ,04:16 ,HST ,0.477340
2026-06-30  ,04:31 ,HST ,0.396661
2026-06-30  ,04:46 ,HST ,0.315157
2026-06-30  ,05:01 ,HST ,0.234256
2026-06-30  ,05:16 ,HST ,0.155081
2026-06-30  ,05:31 ,HST ,0.079120
2026-06-30  ,05:46 ,HST ,0.007529
2026-06-30  ,06:01 ,HST ,-0.058242
2026-06-30  ,06:16 ,HST ,-0.117025
2026-06-30  ,06:31 ,HST ,-0.167690
2026-06-30  ,06:46 ,HST ,-0.209035
2026-06-30  ,07:01 ,HST ,-0.240163
2026-06-30  ,07:16 ,HST ,-0.260149
2026-06-30  ,07:31 ,HST ,-0.268321
2026-06-30  ,07:46 ,HST ,-0.264404
2026-06-30  ,08:01 ,HST ,-0.248537
2026-06-30  ,08:16 ,HST ,-0.220570
2026-06-30  ,08:31 ,HST ,-0.180397
2026-06-30  ,08:46 ,HST ,-0.128225
2026-06-30  ,09:01 ,HST ,-0.064207
2026-06-30  ,09:16 ,HST ,0.011174
2026-06-30  ,09:31 ,HST ,0.097233
2026-06-30  ,09:46 ,HST ,0.193442
2026-06-30  ,10:01 ,HST ,0.298720
2026-06-30  ,10:16 ,HST ,0.412323
2026-06-30  ,10:31 ,HST ,0.532893
2026-06-30  ,10:46 ,HST ,0.659509
2026-06-30  ,11:01 ,HST ,0.790608
2026-06-30  ,11:16 ,HST ,0.925143
2026-06-30  ,11:31 ,HST ,1.061423
2026-06-30  ,11:46 ,HST ,1.198340
2026-06-30  ,12:01 ,HST ,1.334161
2026-06-30  ,12:16 ,HST ,1.467780
2026-06-30  ,12:31 ,HST ,1.597512
2026-06-30  ,12:46 ,HST ,1.722320
2026-06-30  ,13:01 ,HST ,1.840655
2026-06-30  ,13:16 ,HST ,1.951604
2026-06-30  ,13:31 ,HST ,2.053838
2026-06-30  ,13:46 ,HST ,2.146622
2026-06-30  ,14:01 ,HST ,2.228908
2026-06-30  ,14:16 ,HST ,2.300185
2026-06-30  ,14:31 ,HST ,2.359737
2026-06-30  ,14:46 ,HST ,2.407301
2026-06-30  ,15:01 ,HST ,2.442528
2026-06-30  ,15:16 ,HST ,2.465416
2026-06-30  ,15:31 ,HST ,2.475989
2026-06-30  ,15:46 ,HST ,2.473775
2026-06-30  ,16:01 ,HST ,2.456430
2026-06-30  ,16:16 ,HST ,2.424464
2026-06-30  ,16:31 ,HST ,2.378800
2026-06-30  ,16:46 ,HST ,2.320481
2026-06-30  ,17:01 ,HST ,2.250901
2026-06-30  ,17:16 ,HST ,2.171311
2026-06-30  ,17:31 ,HST ,2.083393
2026-06-30  ,17:46 ,HST ,1.988654
2026-06-30  ,18:01 ,HST ,1.888624
2026-06-30  ,18:16 ,HST ,1.785189
2026-06-30  ,18:31 ,HST ,1.679907
2026-06-30  ,18:46 ,HST ,1.574295
2026-06-30  ,19:01 ,HST ,1.470158
2026-06-30  ,19:16 ,HST ,1.368760
2026-06-30  ,19:31 ,HST ,1.271703
2026-06-30  ,19:46 ,HST ,1.180122
2026-06-30  ,20:01 ,HST ,1.095025
2026-06-30  ,20:16 ,HST ,1.017528
2026-06-30  ,20:31 ,HST ,0.948281
2026-06-30  ,20:46 ,HST ,0.887779
2026-06-30  ,21:01 ,HST ,0.836511
2026-06-30  ,21:16 ,HST ,0.794522
2026-06-30  ,21:31 ,HST ,0.761857
2026-06-30  ,21:46 ,HST ,0.738221
2026-06-30  ,22:01 ,HST ,0.723171
2026-06-30  ,22:16 ,HST ,0.716128
2026-06-30  ,22:31 ,HST ,0.717255
2026-06-30  ,22:46 ,HST ,0.730366
2026-06-30  ,23:01 ,HST ,0.754312
2026-06-30  ,23:16 ,HST ,0.786997
2026-06-30  ,23:31 ,HST ,0.826227
2026-06-30  ,23:46 ,HST ,0.869561
2026-07-01  ,00:01 ,HST ,0.914628
2026-07-01  ,00:16 ,HST ,0.959043
2026-07-01  ,00:31 ,HST ,1.000280
2026-07-01  ,00:46 ,HST ,1.036033
2026-07-01  ,01:01 ,HST ,1.064044
2026-07-01  ,01:16 ,HST ,1.082207
2026-07-01  ,01:31 ,HST ,1.088536
2026-07-01  ,01:46 ,HST ,1.085595
2026-07-01  ,02:01 ,HST ,1.076494
2026-07-01  ,02:16 ,HST ,1.060710
2026-07-01  ,02:31 ,HST ,1.037861
2026-07-01  ,02:46 ,HST ,1.007755
2026-07-01  ,03:01 ,HST ,0.970258
2026-07-01  ,03:16 ,HST ,0.925494
2026-07-01  ,03:31 ,HST ,0.873721
2026-07-01  ,03:46 ,HST ,0.815359
2026-07-01  ,04:01 ,HST ,0.750985
2026-07-01  ,04:16 ,HST ,0.681322
2026-07-01  ,04:31 ,HST ,0.607234
2026-07-01  ,04:46 ,HST ,0.529706
2026-07-01  ,05:01 ,HST ,0.449833
2026-07-01  ,05:16 ,HST ,0.368799
2026-07-01  ,05:31 ,HST ,0.287860
2026-07-01  ,05:46 ,HST ,0.208318
2026-07-01  ,06:01 ,HST ,0.131507
2026-07-01  ,06:16 ,HST ,0.058762
2026-07-01  ,06:31 ,HST ,-0.008601
2026-07-01  ,06:46 ,HST ,-0.069306
2026-07-01  ,07:01 ,HST ,-0.122143
2026-07-01  ,07:16 ,HST ,-0.165987
2026-07-01  ,07:31 ,HST ,-0.199820
2026-07-01  ,07:46 ,HST ,-0.222751
2026-07-01  ,08:01 ,HST ,-0.234029
2026-07-01  ,08:16 ,HST ,-0.233205
2026-07-01  ,08:31 ,HST ,-0.220531
2026-07-01  ,08:46 ,HST ,-0.195828
2026-07-01  ,09:01 ,HST ,-0.159080
2026-07-01  ,09:16 ,HST ,-0.110351
2026-07-01  ,09:31 ,HST ,-0.049809
2026-07-01  ,09:46 ,HST ,0.022007
2026-07-01  ,10:01 ,HST ,0.104610
2026-07-01  ,10:16 ,HST ,0.197410
2026-07-01  ,10:31 ,HST ,0.299363
2026-07-01  ,10:46 ,HST ,0.409605
2026-07-01  ,11:01 ,HST ,0.527199
2026-07-01  ,11:16 ,HST ,0.650702
2026-07-01  ,11:31 ,HST ,0.778982
2026-07-01  ,11:46 ,HST ,0.910865
2026-07-01  ,12:01 ,HST ,1.044674
2026-07-01  ,12:16 ,HST ,1.179153
2026-07-01  ,12:31 ,HST ,1.313035
2026-07-01  ,12:46 ,HST ,1.444607
2026-07-01  ,13:01 ,HST ,1.572642
2026-07-01  ,13:16 ,HST ,1.695944
2026-07-01  ,13:31 ,HST ,1.812962
2026-07-01  ,13:46 ,HST ,1.922653
2026-07-01  ,14:01 ,HST ,2.024040
2026-07-01  ,14:16 ,HST ,2.115915
2026-07-01  ,14:31 ,HST ,2.197548
2026-07-01  ,14:46 ,HST ,2.268301
2026-07-01  ,15:01 ,HST ,2.327442
2026-07-01  ,15:16 ,HST ,2.374644
2026-07-01  ,15:31 ,HST ,2.409678
2026-07-01  ,15:46 ,HST ,2.432365
2026-07-01  ,16:01 ,HST ,2.442810
2026-07-01  ,16:16 ,HST ,2.440494
2026-07-01  ,16:31 ,HST ,2.423215
2026-07-01  ,16:46 ,HST ,2.391441
2026-07-01  ,17:01 ,HST ,2.346018
2026-07-01  ,17:16 ,HST ,2.288124
2026-07-01  ,17:31 ,HST ,2.218874
2026-07-01  ,17:46 ,HST ,2.139787
2026-07-01  ,18:01 ,HST ,2.052273
2026-07-01  ,18:16 ,HST ,1.957791
2026-07-01  ,18:31 ,HST ,1.858166
2026-07-01  ,18:46 ,HST ,1.754834
2026-07-01  ,19:01 ,HST ,1.649671
2026-07-01  ,19:16 ,HST ,1.544187
2026-07-01  ,19:31 ,HST ,1.439840
2026-07-01  ,19:46 ,HST ,1.338345
2026-07-01  ,20:01 ,HST ,1.240870
2026-07-01  ,20:16 ,HST ,1.148883
2026-07-01  ,20:31 ,HST ,1.063302
2026-07-01  ,20:46 ,HST ,0.985260
2026-07-01  ,21:01 ,HST ,0.915434
2026-07-01  ,21:16 ,HST ,0.854347
2026-07-01  ,21:31 ,HST ,0.802522
2026-07-01  ,21:46 ,HST ,0.760038
2026-07-01  ,22:01 ,HST ,0.726982
2026-07-01  ,22:16 ,HST ,0.703100
2026-07-01  ,22:31 ,HST ,0.687991
2026-07-01  ,22:46 ,HST ,0.681120
2026-07-01  ,23:01 ,HST ,0.682660
2026-07-01  ,23:16 ,HST ,0.695370
2026-07-01  ,23:31 ,HST ,0.718089
2026-07-01  ,23:46 ,HST ,0.749052
2026-07-02  ,00:01 ,HST ,0.786360
2026-07-02  ,00:16 ,HST ,0.828020
2026-07-02  ,00:31 ,HST ,0.871971
2026-07-02  ,00:46 ,HST ,0.916127
2026-07-02  ,01:01 ,HST ,0.958407
2026-07-02  ,01:16 ,HST ,0.996776
2026-07-02  ,01:31 ,HST ,1.029275
2026-07-02  ,01:46 ,HST ,1.054059
2026-07-02  ,02:01 ,HST ,1.069427
2026-07-02  ,02:16 ,HST ,1.073899
2026-07-02  ,02:31 ,HST ,1.070126
2026-07-02  ,02:46 ,HST ,1.059882
2026-07-02  ,03:01 ,HST ,1.042738
2026-07-02  ,03:16 ,HST ,1.018448
2026-07-02  ,03:31 ,HST ,0.986837
2026-07-02  ,03:46 ,HST ,0.947968
2026-07-02  ,04:01 ,HST ,0.902099
2026-07-02  ,04:16 ,HST ,0.849497
2026-07-02  ,04:31 ,HST ,0.790730
2026-07-02  ,04:46 ,HST ,0.726542
2026-07-02  ,05:01 ,HST ,0.657606
2026-07-02  ,05:16 ,HST ,0.585005
2026-07-02  ,05:31 ,HST ,0.509632
2026-07-02  ,05:46 ,HST ,0.432704
2026-07-02  ,06:01 ,HST ,0.355524
2026-07-02  ,06:16 ,HST ,0.279192
2026-07-02  ,06:31 ,HST ,0.205097
2026-07-02  ,06:46 ,HST ,0.134624
2026-07-02  ,07:01 ,HST ,0.068919
2026-07-02  ,07:16 ,HST ,0.009322
2026-07-02  ,07:31 ,HST ,-0.042910
2026-07-02  ,07:46 ,HST ,-0.086768
2026-07-02  ,08:01 ,HST ,-0.121169
2026-07-02  ,08:16 ,HST ,-0.145189
2026-07-02  ,08:31 ,HST ,-0.158115
2026-07-02  ,08:46 ,HST ,-0.159378
2026-07-02  ,09:01 ,HST ,-0.149254
2026-07-02  ,09:16 ,HST ,-0.127629
2026-07-02  ,09:31 ,HST ,-0.094452
2026-07-02  ,09:46 ,HST ,-0.049758
2026-07-02  ,10:01 ,HST ,0.006247
2026-07-02  ,10:16 ,HST ,0.073206
2026-07-02  ,10:31 ,HST ,0.150706
2026-07-02  ,10:46 ,HST ,0.237920
2026-07-02  ,11:01 ,HST ,0.334145
2026-07-02  ,11:16 ,HST ,0.438472
2026-07-02  ,11:31 ,HST ,0.549879
2026-07-02  ,11:46 ,HST ,0.667244
2026-07-02  ,12:01 ,HST ,0.789501
2026-07-02  ,12:16 ,HST ,0.915097
2026-07-02  ,12:31 ,HST ,1.042844
2026-07-02  ,12:46 ,HST ,1.171383
2026-07-02  ,13:01 ,HST ,1.299345
2026-07-02  ,13:16 ,HST ,1.425363
2026-07-02  ,13:31 ,HST ,1.548231
2026-07-02  ,13:46 ,HST ,1.666369
2026-07-02  ,14:01 ,HST ,1.778679
2026-07-02  ,14:16 ,HST ,1.883999
2026-07-02  ,14:31 ,HST ,1.981256
2026-07-02  ,14:46 ,HST ,2.069584
2026-07-02  ,15:01 ,HST ,2.147938
2026-07-02  ,15:16 ,HST ,2.215709
2026-07-02  ,15:31 ,HST ,2.272326
2026-07-02  ,15:46 ,HST ,2.317362
2026-07-02  ,16:01 ,HST ,2.350543
2026-07-02  ,16:16 ,HST ,2.371764
2026-07-02  ,16:31 ,HST ,2.381013
2026-07-02  ,16:46 ,HST ,2.377683
2026-07-02  ,17:01 ,HST ,2.359854
2026-07-02  ,17:16 ,HST ,2.328076
2026-07-02  ,17:31 ,HST ,2.283177
2026-07-02  ,17:46 ,HST ,2.226166
2026-07-02  ,18:01 ,HST ,2.158127
2026-07-02  ,18:16 ,HST ,2.080501
2026-07-02  ,18:31 ,HST ,1.994625
2026-07-02  ,18:46 ,HST ,1.901988
2026-07-02  ,19:01 ,HST ,1.804028
2026-07-02  ,19:16 ,HST ,1.702540
2026-07-02  ,19:31 ,HST ,1.599007
2026-07-02  ,19:46 ,HST ,1.494996
2026-07-02  ,20:01 ,HST ,1.392028
2026-07-02  ,20:16 ,HST ,1.291446
2026-07-02  ,20:31 ,HST ,1.194824
2026-07-02  ,20:46 ,HST ,1.103293
2026-07-02  ,21:01 ,HST ,1.017957
2026-07-02  ,21:16 ,HST ,0.939691
2026-07-02  ,21:31 ,HST ,0.869453
2026-07-02  ,21:46 ,HST ,0.807767
2026-07-02  ,22:01 ,HST ,0.755062
2026-07-02  ,22:16 ,HST ,0.711536
2026-07-02  ,22:31 ,HST ,0.677336
2026-07-02  ,22:46 ,HST ,0.652275
2026-07-02  ,23:01 ,HST ,0.636039
2026-07-02  ,23:16 ,HST ,0.628139
2026-07-02  ,23:31 ,HST ,0.628377
2026-07-02  ,23:46 ,HST ,0.638704
2026-07-03  ,00:01 ,HST ,0.658382
2026-07-03  ,00:16 ,HST ,0.685968
2026-07-03  ,00:31 ,HST ,0.719862
2026-07-03  ,00:46 ,HST ,0.758495
2026-07-03  ,01:01 ,HST ,0.800119
2026-07-03  ,01:16 ,HST ,0.842939
2026-07-03  ,01:31 ,HST ,0.885307
2026-07-03  ,01:46 ,HST ,0.925451
2026-07-03  ,02:01 ,HST ,0.961666
2026-07-03  ,02:16 ,HST ,0.992456
2026-07-03  ,02:31 ,HST ,1.016306
2026-07-03  ,02:46 ,HST ,1.031868
2026-07-03  ,03:01 ,HST ,1.038006
2026-07-03  ,03:16 ,HST ,1.035567
2026-07-03  ,03:31 ,HST ,1.026676
2026-07-03  ,03:46 ,HST ,1.010993
2026-07-03  ,04:01 ,HST ,0.988332
2026-07-03  ,04:16 ,HST ,0.958657
2026-07-03  ,04:31 ,HST ,0.922132
2026-07-03  ,04:46 ,HST ,0.878960
2026-07-03  ,05:01 ,HST ,0.829612
2026-07-03  ,05:16 ,HST ,0.774671
2026-07-03  ,05:31 ,HST ,0.714926
2026-07-03  ,05:46 ,HST ,0.651097
2026-07-03  ,06:01 ,HST ,0.584207
2026-07-03  ,06:16 ,HST ,0.515317
2026-07-03  ,06:31 ,HST ,0.445565
2026-07-03  ,06:46 ,HST ,0.376220
2026-07-03  ,07:01 ,HST ,0.308368
2026-07-03  ,07:16 ,HST ,0.243335
2026-07-03  ,07:31 ,HST ,0.182367
2026-07-03  ,07:46 ,HST ,0.126738
2026-07-03  ,08:01 ,HST ,0.077495
2026-07-03  ,08:16 ,HST ,0.035799
2026-07-03  ,08:31 ,HST ,0.002656
2026-07-03  ,08:46 ,HST ,-0.021038
2026-07-03  ,09:01 ,HST ,-0.034503
2026-07-03  ,09:16 ,HST ,-0.037178
2026-07-03  ,09:31 ,HST ,-0.029321
2026-07-03  ,09:46 ,HST ,-0.010954
2026-07-03  ,10:01 ,HST ,0.018056
2026-07-03  ,10:16 ,HST ,0.057700
2026-07-03  ,10:31 ,HST ,0.107821
2026-07-03  ,10:46 ,HST ,0.168123
2026-07-03  ,11:01 ,HST ,0.238166
2026-07-03  ,11:16 ,HST ,0.317373
2026-07-03  ,11:31 ,HST ,0.405042
2026-07-03  ,11:46 ,HST ,0.500348
2026-07-03  ,12:01 ,HST ,0.602356
2026-07-03  ,12:16 ,HST ,0.710036
2026-07-03  ,12:31 ,HST ,0.822274
2026-07-03  ,12:46 ,HST ,0.937889
2026-07-03  ,13:01 ,HST ,1.055646
2026-07-03  ,13:16 ,HST ,1.174277
2026-07-03  ,13:31 ,HST ,1.292495
2026-07-03  ,13:46 ,HST ,1.409016
2026-07-03  ,14:01 ,HST ,1.522444
2026-07-03  ,14:16 ,HST ,1.631807
2026-07-03  ,14:31 ,HST ,1.735794
2026-07-03  ,14:46 ,HST ,1.833293
2026-07-03  ,15:01 ,HST ,1.923278
2026-07-03  ,15:16 ,HST ,2.004818
2026-07-03  ,15:31 ,HST ,2.077095
2026-07-03  ,15:46 ,HST ,2.139409
2026-07-03  ,16:01 ,HST ,2.191193
2026-07-03  ,16:16 ,HST ,2.232015
2026-07-03  ,16:31 ,HST ,2.261586
2026-07-03  ,16:46 ,HST ,2.279762
2026-07-03  ,17:01 ,HST ,2.286546
2026-07-03  ,17:16 ,HST ,2.280996
2026-07-03  ,17:31 ,HST ,2.261867
2026-07-03  ,17:46 ,HST ,2.229753
2026-07-03  ,18:01 ,HST ,2.185324
2026-07-03  ,18:16 ,HST ,2.129511
2026-07-03  ,18:31 ,HST ,2.063362
2026-07-03  ,18:46 ,HST ,1.988053
2026-07-03  ,19:01 ,HST ,1.904864
2026-07-03  ,19:16 ,HST ,1.815165
2026-07-03  ,19:31 ,HST ,1.720382
2026-07-03  ,19:46 ,HST ,1.621982
2026-07-03  ,20:01 ,HST ,1.521555
2026-07-03  ,20:16 ,HST ,1.420352
2026-07-03  ,20:31 ,HST ,1.319914
2026-07-03  ,20:46 ,HST ,1.221621
2026-07-03  ,21:01 ,HST ,1.126769
2026-07-03  ,21:16 ,HST ,1.036559
2026-07-03  ,21:31 ,HST ,0.952070
2026-07-03  ,21:46 ,HST ,0.874251
2026-07-03  ,22:01 ,HST ,0.803902
2026-07-03  ,22:16 ,HST ,0.741726
2026-07-03  ,22:31 ,HST ,0.688064
2026-07-03  ,22:46 ,HST ,0.643293
2026-07-03  ,23:01 ,HST ,0.607542
2026-07-03  ,23:16 ,HST ,0.580770
2026-07-03  ,23:31 ,HST ,0.562767
2026-07-03  ,23:46 ,HST ,0.553161
2026-07-04  ,00:01 ,HST ,0.551517
2026-07-04  ,00:16 ,HST ,0.558780
2026-07-04  ,00:31 ,HST ,0.574603
2026-07-04  ,00:46 ,HST ,0.597936
2026-07-04  ,01:01 ,HST ,0.627540
2026-07-04  ,01:16 ,HST ,0.662208
2026-07-04  ,01:31 ,HST ,0.700527
2026-07-04  ,01:46 ,HST ,0.741211
2026-07-04  ,02:01 ,HST ,0.782778
2026-07-04  ,02:16 ,HST ,0.823943
2026-07-04  ,02:31 ,HST ,0.863307
2026-07-04  ,02:46 ,HST ,0.899533
2026-07-04  ,03:01 ,HST ,0.931487
2026-07-04  ,03:16 ,HST ,0.957972
2026-07-04  ,03:31 ,HST ,0.978045
2026-07-04  ,03:46 ,HST ,0.990785
2026-07-04  ,04:01 ,HST ,0.995495
2026-07-04  ,04:16 ,HST ,0.992673
2026-07-04  ,04:31 ,HST ,0.983319
2026-07-04  ,04:46 ,HST ,0.967302
2026-07-04  ,05:01 ,HST ,0.944585
2026-07-04  ,05:16 ,HST ,0.915335
2026-07-04  ,05:31 ,HST ,0.879857
2026-07-04  ,05:46 ,HST ,0.838604
2026-07-04  ,06:01 ,HST ,0.792170
2026-07-04  ,06:16 ,HST ,0.741333
2026-07-04  ,06:31 ,HST ,0.686824
2026-07-04  ,06:46 ,HST ,0.629639
2026-07-04  ,07:01 ,HST ,0.570809
2026-07-04  ,07:16 ,HST ,0.511429
2026-07-04  ,07:31 ,HST ,0.452645
2026-07-04  ,07:46 ,HST ,0.395691
2026-07-04  ,08:01 ,HST ,0.341623
2026-07-04  ,08:16 ,HST ,0.291666
2026-07-04  ,08:31 ,HST ,0.246950
2026-07-04  ,08:46 ,HST ,0.208544
2026-07-04  ,09:01 ,HST ,0.177443
2026-07-04  ,09:16 ,HST ,0.154564
2026-07-04  ,09:31 ,HST ,0.140644
2026-07-04  ,09:46 ,HST ,0.136364
2026-07-04  ,10:01 ,HST ,0.141469
2026-07-04  ,10:16 ,HST ,0.155688
2026-07-04  ,10:31 ,HST ,0.179168
2026-07-04  ,10:46 ,HST ,0.212011
2026-07-04  ,11:01 ,HST ,0.254061
2026-07-04  ,11:16 ,HST ,0.305203
2026-07-04  ,11:31 ,HST ,0.365050
2026-07-04  ,11:46 ,HST ,0.433053
2026-07-04  ,12:01 ,HST ,0.508780
2026-07-04  ,12:16 ,HST ,0.591456
2026-07-04  ,12:31 ,HST ,0.680170
2026-07-04  ,12:46 ,HST ,0.774227
2026-07-04  ,13:01 ,HST ,0.872435
2026-07-04  ,13:16 ,HST ,0.973970
2026-07-04  ,13:31 ,HST ,1.077621
2026-07-04  ,13:46 ,HST ,1.182127
2026-07-04  ,14:01 ,HST ,1.286565
2026-07-04  ,14:16 ,HST ,1.389645
2026-07-04  ,14:31 ,HST ,1.490094
2026-07-04  ,14:46 ,HST ,1.587008
2026-07-04  ,15:01 ,HST ,1.679075
2026-07-04  ,15:16 ,HST ,1.765468
2026-07-04  ,15:31 ,HST ,1.845115
2026-07-04  ,15:46 ,HST ,1.917057
2026-07-04  ,16:01 ,HST ,1.980672
2026-07-04  ,16:16 ,HST ,2.035139
2026-07-04  ,16:31 ,HST ,2.080020
2026-07-04  ,16:46 ,HST ,2.114810
2026-07-04  ,17:01 ,HST ,2.139175
2026-07-04  ,17:16 ,HST ,2.152994
2026-07-04  ,17:31 ,HST ,2.156155
2026-07-04  ,17:46 ,HST ,2.147498
2026-07-04  ,18:01 ,HST ,2.126649
2026-07-04  ,18:16 ,HST ,2.094102
2026-07-04  ,18:31 ,HST ,2.050449
2026-07-04  ,18:46 ,HST ,1.996383
2026-07-04  ,19:01 ,HST ,1.932911
2026-07-04  ,19:16 ,HST ,1.860908
2026-07-04  ,19:31 ,HST ,1.781643
2026-07-04  ,19:46 ,HST ,1.696144
2026-07-04  ,20:01 ,HST ,1.605860
2026-07-04  ,20:16 ,HST ,1.512007
2026-07-04  ,20:31 ,HST ,1.415808
2026-07-04  ,20:46 ,HST ,1.318805
2026-07-04  ,21:01 ,HST ,1.222102
2026-07-04  ,21:16 ,HST ,1.127182
2026-07-04  ,21:31 ,HST ,1.035056
2026-07-04  ,21:46 ,HST ,0.947059
2026-07-04  ,22:01 ,HST ,0.864132
2026-07-04  ,22:16 ,HST ,0.787126
2026-07-04  ,22:31 ,HST ,0.717018
2026-07-04  ,22:46 ,HST ,0.654330
2026-07-04  ,23:01 ,HST ,0.599730
2026-07-04  ,23:16 ,HST ,0.553531
2026-07-04  ,23:31 ,HST ,0.515927
2026-07-04  ,23:46 ,HST ,0.487076
2026-07-05  ,00:01 ,HST ,0.466842
2026-07-05  ,00:16 ,HST ,0.455047
2026-07-05  ,00:31 ,HST ,0.451304
2026-07-05  ,00:46 ,HST ,0.455603
2026-07-05  ,01:01 ,HST ,0.467745
2026-07-05  ,01:16 ,HST ,0.486982
2026-07-05  ,01:31 ,HST ,0.512472
2026-07-05  ,01:46 ,HST ,0.543258
2026-07-05  ,02:01 ,HST ,0.578430
2026-07-05  ,02:16 ,HST ,0.616930
2026-07-05  ,02:31 ,HST ,0.657705
2026-07-05  ,02:46 ,HST ,0.699691
2026-07-05  ,03:01 ,HST ,0.741834
2026-07-05  ,03:16 ,HST ,0.783055
2026-07-05  ,03:31 ,HST ,0.822463
2026-07-05  ,03:46 ,HST ,0.859079
2026-07-05  ,04:01 ,HST ,0.892047
2026-07-05  ,04:16 ,HST ,0.920595
2026-07-05  ,04:31 ,HST ,0.944053
2026-07-05  ,04:46 ,HST ,0.961841
2026-07-05  ,05:01 ,HST ,0.973560
2026-07-05  ,05:16 ,HST ,0.978867
2026-07-05  ,05:31 ,HST ,0.977530
2026-07-05  ,05:46 ,HST ,0.969358
2026-07-05  ,06:01 ,HST ,0.954443
2026-07-05  ,06:16 ,HST ,0.933043
2026-07-05  ,06:31 ,HST ,0.905573
2026-07-05  ,06:46 ,HST ,0.872590
2026-07-05  ,07:01 ,HST ,0.834784
2026-07-05  ,07:16 ,HST ,0.792968
2026-07-05  ,07:31 ,HST ,0.748060
2026-07-05  ,07:46 ,HST ,0.701067
2026-07-05  ,08:01 ,HST ,0.653065
2026-07-05  ,08:16 ,HST ,0.605230
2026-07-05  ,08:31 ,HST ,0.558613
2026-07-05  ,08:46 ,HST ,0.514425
2026-07-05  ,09:01 ,HST ,0.473810
2026-07-05  ,09:16 ,HST ,0.437877
2026-07-05  ,09:31 ,HST ,0.407676
2026-07-05  ,09:46 ,HST ,0.384176
2026-07-05  ,10:01 ,HST ,0.368251
2026-07-05  ,10:16 ,HST ,0.360661
2026-07-05  ,10:31 ,HST ,0.361586
2026-07-05  ,10:46 ,HST ,0.369911
2026-07-05  ,11:01 ,HST ,0.385755
2026-07-05  ,11:16 ,HST ,0.409259
2026-07-05  ,11:31 ,HST ,0.440448
2026-07-05  ,11:46 ,HST ,0.479234
2026-07-05  ,12:01 ,HST ,0.525412
2026-07-05  ,12:16 ,HST ,0.578730
2026-07-05  ,12:31 ,HST ,0.638639
2026-07-05  ,12:46 ,HST ,0.704662
2026-07-05  ,13:01 ,HST ,0.776167
2026-07-05  ,13:16 ,HST ,0.852435
2026-07-05  ,13:31 ,HST ,0.932662
2026-07-05  ,13:46 ,HST ,1.015979
2026-07-05  ,14:01 ,HST ,1.101455
2026-07-05  ,14:16 ,HST ,1.188117
2026-07-05  ,14:31 ,HST ,1.274960
2026-07-05  ,14:46 ,HST ,1.360961
2026-07-05  ,15:01 ,HST ,1.445096
2026-07-05  ,15:16 ,HST ,1.526349
2026-07-05  ,15:31 ,HST ,1.603733
2026-07-05  ,15:46 ,HST ,1.676299
2026-07-05  ,16:01 ,HST ,1.743153
2026-07-05  ,16:16 ,HST ,1.803464
2026-07-05  ,16:31 ,HST ,1.856480
2026-07-05  ,16:46 ,HST ,1.901538
2026-07-05  ,17:01 ,HST ,1.938071
2026-07-05  ,17:16 ,HST ,1.965617
2026-07-05  ,17:31 ,HST ,1.983828
2026-07-05  ,17:46 ,HST ,1.992470
2026-07-05  ,18:01 ,HST ,1.991260
2026-07-05  ,18:16 ,HST ,1.979523
2026-07-05  ,18:31 ,HST ,1.957343
2026-07-05  ,18:46 ,HST ,1.925018
2026-07-05  ,19:01 ,HST ,1.882989
2026-07-05  ,19:16 ,HST ,1.831886
2026-07-05  ,19:31 ,HST ,1.772292
2026-07-05  ,19:46 ,HST ,1.705062
2026-07-05  ,20:01 ,HST ,1.631100
2026-07-05  ,20:16 ,HST ,1.551485
2026-07-05  ,20:31 ,HST ,1.467099
2026-07-05  ,20:46 ,HST ,1.379139
2026-07-05  ,21:01 ,HST ,1.288751
2026-07-05  ,21:16 ,HST ,1.197100
2026-07-05  ,21:31 ,HST ,1.105450
2026-07-05  ,21:46 ,HST ,1.014750
2026-07-05  ,22:01 ,HST ,0.926215
2026-07-05  ,22:16 ,HST ,0.840907
2026-07-05  ,22:31 ,HST ,0.759824
2026-07-05  ,22:46 ,HST ,0.683963
2026-07-05  ,23:01 ,HST ,0.613980
2026-07-05  ,23:16 ,HST ,0.550682
2026-07-05  ,23:31 ,HST ,0.494671
2026-07-05  ,23:46 ,HST ,0.446433
2026-07-06  ,00:01 ,HST ,0.406361
2026-07-06  ,00:16 ,HST ,0.374594
2026-07-06  ,00:31 ,HST ,0.351274
2026-07-06  ,00:46 ,HST ,0.336365
2026-07-06  ,01:01 ,HST ,0.329703
2026-07-06  ,01:16 ,HST ,0.330977
2026-07-06  ,01:31 ,HST ,0.339718
2026-07-06  ,01:46 ,HST ,0.355429
2026-07-06  ,02:01 ,HST ,0.377591
2026-07-06  ,02:16 ,HST ,0.405561
2026-07-06  ,02:31 ,HST ,0.438646
2026-07-06  ,02:46 ,HST ,0.476096
2026-07-06  ,03:01 ,HST ,0.517076
2026-07-06  ,03:16 ,HST ,0.560864
2026-07-06  ,03:31 ,HST ,0.606583
2026-07-06  ,03:46 ,HST ,0.653401
2026-07-06  ,04:01 ,HST ,0.700495
2026-07-06  ,04:16 ,HST ,0.747068
2026-07-06  ,04:31 ,HST ,0.792307
2026-07-06  ,04:46 ,HST ,0.835602
2026-07-06  ,05:01 ,HST ,0.876244
2026-07-06  ,05:16 ,HST ,0.913646
2026-07-06  ,05:31 ,HST ,0.947294
2026-07-06  ,05:46 ,HST ,0.976729
2026-07-06  ,06:01 ,HST ,1.001679
2026-07-06  ,06:16 ,HST ,1.021861
2026-07-06  ,06:31 ,HST ,1.037125
2026-07-06  ,06:46 ,HST ,1.047418
2026-07-06  ,07:01 ,HST ,1.052784
2026-07-06  ,07:16 ,HST ,1.053062
2026-07-06  ,07:31 ,HST ,1.045464
2026-07-06  ,07:46 ,HST ,1.029800
2026-07-06  ,08:01 ,HST ,1.006952
2026-07-06  ,08:16 ,HST ,0.977882
2026-07-06  ,08:31 ,HST ,0.943802
2026-07-06  ,08:46 ,HST ,0.905906
2026-07-06  ,09:01 ,HST ,0.865629
2026-07-06  ,09:16 ,HST ,0.824306
2026-07-06  ,09:31 ,HST ,0.783433
2026-07-06  ,09:46 ,HST ,0.744509
2026-07-06  ,10:01 ,HST ,0.708889
2026-07-06  ,10:16 ,HST ,0.678026
2026-07-06  ,10:31 ,HST ,0.653158
2026-07-06  ,10:46 ,HST ,0.635532
2026-07-06  ,11:01 ,HST ,0.626174
2026-07-06  ,11:16 ,HST ,0.625504
2026-07-06  ,11:31 ,HST ,0.630782
2026-07-06  ,11:46 ,HST ,0.641718
2026-07-06  ,12:01 ,HST ,0.658499
2026-07-06  ,12:16 ,HST ,0.681191
2026-07-06  ,12:31 ,HST ,0.709836
2026-07-06  ,12:46 ,HST ,0.744304
2026-07-06  ,13:01 ,HST ,0.784383
2026-07-06  ,13:16 ,HST ,0.829708
2026-07-06  ,13:31 ,HST ,0.879977
2026-07-06  ,13:46 ,HST ,0.934646
2026-07-06  ,14:01 ,HST ,0.993064
2026-07-06  ,14:16 ,HST ,1.054708
2026-07-06  ,14:31 ,HST ,1.118788
2026-07-06  ,14:46 ,HST ,1.184523
2026-07-06  ,15:01 ,HST ,1.251008
2026-07-06  ,15:16 ,HST ,1.317532
2026-07-06  ,15:31 ,HST ,1.383134
2026-07-06  ,15:46 ,HST ,1.446847
2026-07-06  ,16:01 ,HST ,1.507927
2026-07-06  ,16:16 ,HST ,1.565422
2026-07-06  ,16:31 ,HST ,1.618487
2026-07-06  ,16:46 ,HST ,1.666265
2026-07-06  ,17:01 ,HST ,1.708115
2026-07-06  ,17:16 ,HST ,1.743292
2026-07-06  ,17:31 ,HST ,1.771156
2026-07-06  ,17:46 ,HST ,1.791244
2026-07-06  ,18:01 ,HST ,1.803082
2026-07-06  ,18:16 ,HST ,1.806341
2026-07-06  ,18:31 ,HST ,1.801074
2026-07-06  ,18:46 ,HST ,1.787334
2026-07-06  ,19:01 ,HST ,1.765116
2026-07-06  ,19:16 ,HST ,1.734536
2026-07-06  ,19:31 ,HST ,1.695822
2026-07-06  ,19:46 ,HST ,1.649320
2026-07-06  ,20:01 ,HST ,1.595482
2026-07-06  ,20:16 ,HST ,1.534863
2026-07-06  ,20:31 ,HST ,1.468116
2026-07-06  ,20:46 ,HST ,1.395978
2026-07-06  ,21:01 ,HST ,1.319261
2026-07-06  ,21:16 ,HST ,1.238842
2026-07-06  ,21:31 ,HST ,1.155650
2026-07-06  ,21:46 ,HST ,1.070650
2026-07-06  ,22:01 ,HST ,0.984834
2026-07-06  ,22:16 ,HST ,0.899201
2026-07-06  ,22:31 ,HST ,0.814748
2026-07-06  ,22:46 ,HST ,0.732452
2026-07-06  ,23:01 ,HST ,0.653259
2026-07-06  ,23:16 ,HST ,0.578068
2026-07-06  ,23:31 ,HST ,0.507721
2026-07-06  ,23:46 ,HST ,0.442990
2026-07-07  ,00:01 ,HST ,0.384565
2026-07-07  ,00:16 ,HST ,0.333049
2026-07-07  ,00:31 ,HST ,0.288948
2026-07-07  ,00:46 ,HST ,0.252662
2026-07-07  ,01:01 ,HST ,0.224485
2026-07-07  ,01:16 ,HST ,0.204600
2026-07-07  ,01:31 ,HST ,0.193076
2026-07-07  ,01:46 ,HST ,0.189868
2026-07-07  ,02:01 ,HST ,0.194466
2026-07-07  ,02:16 ,HST ,0.206388
2026-07-07  ,02:31 ,HST ,0.225353
2026-07-07  ,02:46 ,HST ,0.250961
2026-07-07  ,03:01 ,HST ,0.282712
2026-07-07  ,03:16 ,HST ,0.320152
2026-07-07  ,03:31 ,HST ,0.362611
2026-07-07  ,03:46 ,HST ,0.409554
2026-07-07  ,04:01 ,HST ,0.460264
2026-07-07  ,04:16 ,HST ,0.513977
2026-07-07  ,04:31 ,HST ,0.570096
2026-07-07  ,04:46 ,HST ,0.627834
2026-07-07  ,05:01 ,HST ,0.686397
2026-07-07  ,05:16 ,HST ,0.745206
2026-07-07  ,05:31 ,HST ,0.803436
2026-07-07  ,05:46 ,HST ,0.860559
2026-07-07  ,06:01 ,HST ,0.915888
2026-07-07  ,06:16 ,HST ,0.968792
2026-07-07  ,06:31 ,HST ,1.018875
2026-07-07  ,06:46 ,HST ,1.065568
2026-07-07  ,07:01 ,HST ,1.108590
2026-07-07  ,07:16 ,HST ,1.147570
2026-07-07  ,07:31 ,HST ,1.182228
2026-07-07  ,07:46 ,HST ,1.212478
2026-07-07  ,08:01 ,HST ,1.238164
2026-07-07  ,08:16 ,HST ,1.259331
2026-07-07  ,08:31 ,HST ,1.276012
2026-07-07  ,08:46 ,HST ,1.288331
2026-07-07  ,09:01 ,HST ,1.296523
2026-07-07  ,09:16 ,HST ,1.300836
2026-07-07  ,09:31 ,HST ,1.301202
2026-07-07  ,09:46 ,HST ,1.290746
2026-07-07  ,10:01 ,HST ,1.268426
2026-07-07  ,10:16 ,HST ,1.236446
2026-07-07  ,10:31 ,HST ,1.197141
2026-07-07  ,10:46 ,HST ,1.152979
2026-07-07  ,11:01 ,HST ,1.106318
2026-07-07  ,11:16 ,HST ,1.059638
2026-07-07  ,11:31 ,HST ,1.015307
2026-07-07  ,11:46 ,HST ,0.975577
2026-07-07  ,12:01 ,HST ,0.942569
2026-07-07  ,12:16 ,HST ,0.918095
2026-07-07  ,12:31 ,HST ,0.903834
2026-07-07  ,12:46 ,HST ,0.900843
2026-07-07  ,13:01 ,HST ,0.904477
2026-07-07  ,13:16 ,HST ,0.912974
2026-07-07  ,13:31 ,HST ,0.926477
2026-07-07  ,13:46 ,HST ,0.945022
2026-07-07  ,14:01 ,HST ,0.968528
2026-07-07  ,14:16 ,HST ,0.996772
2026-07-07  ,14:31 ,HST ,1.029523
2026-07-07  ,14:46 ,HST ,1.066346
2026-07-07  ,15:01 ,HST ,1.106740
2026-07-07  ,15:16 ,HST ,1.150109
2026-07-07  ,15:31 ,HST ,1.195774
2026-07-07  ,15:46 ,HST ,1.242981
2026-07-07  ,16:01 ,HST ,1.290913
2026-07-07  ,16:16 ,HST ,1.338648
2026-07-07  ,16:31 ,HST ,1.385390
2026-07-07  ,16:46 ,HST ,1.430155
2026-07-07  ,17:01 ,HST ,1.472002
2026-07-07  ,17:16 ,HST ,1.509995
2026-07-07  ,17:31 ,HST ,1.543218
2026-07-07  ,17:46 ,HST ,1.570788
2026-07-07  ,18:01 ,HST ,1.591870
2026-07-07  ,18:16 ,HST ,1.605691
2026-07-07  ,18:31 ,HST ,1.611549
2026-07-07  ,18:46 ,HST ,1.609849
2026-07-07  ,19:01 ,HST ,1.602171
2026-07-07  ,19:16 ,HST ,1.588295
2026-07-07  ,19:31 ,HST ,1.568029
2026-07-07  ,19:46 ,HST ,1.541270
2026-07-07  ,20:01 ,HST ,1.508005
2026-07-07  ,20:16 ,HST ,1.468363
2026-07-07  ,20:31 ,HST ,1.422435
2026-07-07  ,20:46 ,HST ,1.370532
2026-07-07  ,21:01 ,HST ,1.313016
2026-07-07  ,21:16 ,HST ,1.250340
2026-07-07  ,21:31 ,HST ,1.183036
2026-07-07  ,21:46 ,HST ,1.111718
2026-07-07  ,22:01 ,HST ,1.037065
2026-07-07  ,22:16 ,HST ,0.959818
2026-07-07  ,22:31 ,HST ,0.880771
2026-07-07  ,22:46 ,HST ,0.800756
2026-07-07  ,23:01 ,HST ,0.720636
2026-07-07  ,23:16 ,HST ,0.641376
2026-07-07  ,23:31 ,HST ,0.563689
2026-07-07  ,23:46 ,HST ,0.488541
2026-07-08  ,00:01 ,HST ,0.416794
2026-07-08  ,00:16 ,HST ,0.349277
2026-07-08  ,00:31 ,HST ,0.286780
2026-07-08  ,00:46 ,HST ,0.230038
2026-07-08  ,01:01 ,HST ,0.179722
2026-07-08  ,01:16 ,HST ,0.136432
2026-07-08  ,01:31 ,HST ,0.100687
2026-07-08  ,01:46 ,HST ,0.072915
2026-07-08  ,02:01 ,HST ,0.053470
2026-07-08  ,02:16 ,HST ,0.042544
2026-07-08  ,02:31 ,HST ,0.040278
2026-07-08  ,02:46 ,HST ,0.046198
2026-07-08  ,03:01 ,HST ,0.060025
2026-07-08  ,03:16 ,HST ,0.081582
2026-07-08  ,03:31 ,HST ,0.110686
2026-07-08  ,03:46 ,HST ,0.147004
2026-07-08  ,04:01 ,HST ,0.190144
2026-07-08  ,04:16 ,HST ,0.239586
2026-07-08  ,04:31 ,HST ,0.294915
2026-07-08  ,04:46 ,HST ,0.355492
2026-07-08  ,05:01 ,HST ,0.420680
2026-07-08  ,05:16 ,HST ,0.489720
2026-07-08  ,05:31 ,HST ,0.562054
2026-07-08  ,05:46 ,HST ,0.636869
2026-07-08  ,06:01 ,HST ,0.713412
2026-07-08  ,06:16 ,HST ,0.790834
2026-07-08  ,06:31 ,HST ,0.868560
2026-07-08  ,06:46 ,HST ,0.945758
2026-07-08  ,07:01 ,HST ,1.021712
2026-07-08  ,07:16 ,HST ,1.095652
2026-07-08  ,07:31 ,HST ,1.167098
2026-07-08  ,07:46 ,HST ,1.235367
2026-07-08  ,08:01 ,HST ,1.299912
2026-07-08  ,08:16 ,HST ,1.360250
2026-07-08  ,08:31 ,HST ,1.415900
2026-07-08  ,08:46 ,HST ,1.466641
2026-07-08  ,09:01 ,HST ,1.512130
2026-07-08  ,09:16 ,HST ,1.552166
2026-07-08  ,09:31 ,HST ,1.586590
2026-07-08  ,09:46 ,HST ,1.615431
2026-07-08  ,10:01 ,HST ,1.638674
2026-07-08  ,10:16 ,HST ,1.656418
2026-07-08  ,10:31 ,HST ,1.668822
2026-07-08  ,10:46 ,HST ,1.676148
2026-07-08  ,11:01 ,HST ,1.678674
2026-07-08  ,11:16 ,HST ,1.673923
2026-07-08  ,11:31 ,HST ,1.659183
2026-07-08  ,11:46 ,HST ,1.635628
2026-07-08  ,12:01 ,HST ,1.604487
2026-07-08  ,12:16 ,HST ,1.567062
2026-07-08  ,12:31 ,HST ,1.524692
2026-07-08  ,12:46 ,HST ,1.478729
2026-07-08  ,13:01 ,HST ,1.430510
2026-07-08  ,13:16 ,HST ,1.381283
2026-07-08  ,13:31 ,HST ,1.332391
2026-07-08  ,13:46 ,HST ,1.284933
2026-07-08  ,14:01 ,HST ,1.239955
2026-07-08  ,14:16 ,HST ,1.198377
2026-07-08  ,14:31 ,HST ,1.160978
2026-07-08  ,14:46 ,HST ,1.128380
2026-07-08  ,15:01 ,HST ,1.101011
2026-07-08  ,15:16 ,HST ,1.079213
2026-07-08  ,15:31 ,HST ,1.063052
2026-07-08  ,15:46 ,HST ,1.052450
2026-07-08  ,16:01 ,HST ,1.047148
2026-07-08  ,16:16 ,HST ,1.047906
2026-07-08  ,16:31 ,HST ,1.063959
2026-07-08  ,16:46 ,HST ,1.095083
2026-07-08  ,17:01 ,HST ,1.138065
2026-07-08  ,17:16 ,HST ,1.189272
2026-07-08  ,17:31 ,HST ,1.244708
2026-07-08  ,17:46 ,HST ,1.300011
2026-07-08  ,18:01 ,HST ,1.350786
2026-07-08  ,18:16 ,HST ,1.392273
2026-07-08  ,18:31 ,HST ,1.419695
2026-07-08  ,18:46 ,HST ,1.428376
2026-07-08  ,19:01 ,HST ,1.426823
2026-07-08  ,19:16 ,HST ,1.422328
2026-07-08  ,19:31 ,HST ,1.414395
2026-07-08  ,19:46 ,HST ,1.402593
2026-07-08  ,20:01 ,HST ,1.386519
2026-07-08  ,20:16 ,HST ,1.365807
2026-07-08  ,20:31 ,HST ,1.340228
2026-07-08  ,20:46 ,HST ,1.309560
2026-07-08  ,21:01 ,HST ,1.273642
2026-07-08  ,21:16 ,HST ,1.232512
2026-07-08  ,21:31 ,HST ,1.186133
2026-07-08  ,21:46 ,HST ,1.134745
2026-07-08  ,22:01 ,HST ,1.078533
2026-07-08  ,22:16 ,HST ,1.017749
2026-07-08  ,22:31 ,HST ,0.952934
2026-07-08  ,22:46 ,HST ,0.884518
2026-07-08  ,23:01 ,HST ,0.812992
2026-07-08  ,23:16 ,HST ,0.739159
2026-07-08  ,23:31 ,HST ,0.663568
2026-07-08  ,23:46 ,HST ,0.587149
2026-07-09  ,00:01 ,HST ,0.510634
2026-07-09  ,00:16 ,HST ,0.434786
2026-07-09  ,00:31 ,HST ,0.360642
2026-07-09  ,00:46 ,HST ,0.289001
2026-07-09  ,01:01 ,HST ,0.220673
2026-07-09  ,01:16 ,HST ,0.156674
2026-07-09  ,01:31 ,HST ,0.097710
2026-07-09  ,01:46 ,HST ,0.044712
2026-07-09  ,02:01 ,HST ,-0.001634
2026-07-09  ,02:16 ,HST ,-0.040677
2026-07-09  ,02:31 ,HST ,-0.071714
2026-07-09  ,02:46 ,HST ,-0.094257
2026-07-09  ,03:01 ,HST ,-0.107873
2026-07-09  ,03:16 ,HST ,-0.112190
2026-07-09  ,03:31 ,HST ,-0.107370
2026-07-09  ,03:46 ,HST ,-0.093624
2026-07-09  ,04:01 ,HST ,-0.070933
2026-07-09  ,04:16 ,HST ,-0.039372
2026-07-09  ,04:31 ,HST ,0.000883
2026-07-09  ,04:46 ,HST ,0.049564
2026-07-09  ,05:01 ,HST ,0.106304
2026-07-09  ,05:16 ,HST ,0.170652
2026-07-09  ,05:31 ,HST ,0.242069
2026-07-09  ,05:46 ,HST ,0.319938
2026-07-09  ,06:01 ,HST ,0.403571
2026-07-09  ,06:16 ,HST ,0.492215
2026-07-09  ,06:31 ,HST ,0.585066
2026-07-09  ,06:46 ,HST ,0.681274
2026-07-09  ,07:01 ,HST ,0.779953
2026-07-09  ,07:16 ,HST ,0.880197
2026-07-09  ,07:31 ,HST ,0.981086
2026-07-09  ,07:46 ,HST ,1.081701
2026-07-09  ,08:01 ,HST ,1.181131
2026-07-09  ,08:16 ,HST ,1.278490
2026-07-09  ,08:31 ,HST ,1.372922
2026-07-09  ,08:46 ,HST ,1.463615
2026-07-09  ,09:01 ,HST ,1.549811
2026-07-09  ,09:16 ,HST ,1.630812
2026-07-09  ,09:31 ,HST ,1.705991
2026-07-09  ,09:46 ,HST ,1.774800
2026-07-09  ,10:01 ,HST ,1.836770
2026-07-09  ,10:16 ,HST ,1.891525
2026-07-09  ,10:31 ,HST ,1.938779
2026-07-09  ,10:46 ,HST ,1.978338
2026-07-09  ,11:01 ,HST ,2.010107
2026-07-09  ,11:16 ,HST ,2.034083
2026-07-09  ,11:31 ,HST ,2.050360
2026-07-09  ,11:46 ,HST ,2.059119
2026-07-09  ,12:01 ,HST ,2.060616
2026-07-09  ,12:16 ,HST ,2.054982
2026-07-09  ,12:31 ,HST ,2.042575
2026-07-09  ,12:46 ,HST ,2.023955
2026-07-09  ,13:01 ,HST ,1.999711
2026-07-09  ,13:16 ,HST ,1.970494
2026-07-09  ,13:31 ,HST ,1.936957
2026-07-09  ,13:46 ,HST ,1.899900
2026-07-09  ,14:01 ,HST ,1.860027
2026-07-09  ,14:16 ,HST ,1.818086
2026-07-09  ,14:31 ,HST ,1.774814
2026-07-09  ,14:46 ,HST ,1.730882
2026-07-09  ,15:01 ,HST ,1.687074
2026-07-09  ,15:16 ,HST ,1.643984
2026-07-09  ,15:31 ,HST ,1.602205
2026-07-09  ,15:46 ,HST ,1.562263
2026-07-09  ,16:01 ,HST ,1.524575
2026-07-09  ,16:16 ,HST ,1.489603
2026-07-09  ,16:31 ,HST ,1.457599
2026-07-09  ,16:46 ,HST ,1.428769
2026-07-09  ,17:01 ,HST ,1.403232
2026-07-09  ,17:16 ,HST ,1.380988
2026-07-09  ,17:31 ,HST ,1.362023
2026-07-09  ,17:46 ,HST ,1.346156
2026-07-09  ,18:01 ,HST ,1.333148
2026-07-09  ,18:16 ,HST ,1.322682
2026-07-09  ,18:31 ,HST ,1.314361
2026-07-09  ,18:46 ,HST ,1.307748
2026-07-09  ,19:01 ,HST ,1.302325
2026-07-09  ,19:16 ,HST ,1.297539
2026-07-09  ,19:31 ,HST ,1.292803
2026-07-09  ,19:46 ,HST ,1.287503
2026-07-09  ,20:01 ,HST ,1.281036
2026-07-09  ,20:16 ,HST ,1.272782
2026-07-09  ,20:31 ,HST ,1.262146
2026-07-09  ,20:46 ,HST ,1.248564
2026-07-09  ,21:01 ,HST ,1.231489
2026-07-09  ,21:16 ,HST ,1.210487
2026-07-09  ,21:31 ,HST ,1.185136
2026-07-09  ,21:46 ,HST ,1.155103
2026-07-09  ,22:01 ,HST ,1.120138
2026-07-09  ,22:16 ,HST ,1.080037
2026-07-09  ,22:31 ,HST ,1.034824
2026-07-09  ,22:46 ,HST ,0.984498
2026-07-09  ,23:01 ,HST ,0.929201
2026-07-09  ,23:16 ,HST ,0.869112
2026-07-09  ,23:31 ,HST ,0.804715
2026-07-09  ,23:46 ,HST ,0.736401
2026-07-10  ,00:01 ,HST ,0.664721
2026-07-10  ,00:16 ,HST ,0.590316
2026-07-10  ,00:31 ,HST ,0.513828
2026-07-10  ,00:46 ,HST ,0.436228
2026-07-10  ,01:01 ,HST ,0.358297
2026-07-10  ,01:16 ,HST ,0.280953
2026-07-10  ,01:31 ,HST ,0.205153
2026-07-10  ,01:46 ,HST ,0.131802
2026-07-10  ,02:01 ,HST ,0.062056
2026-07-10  ,02:16 ,HST ,-0.003178
2026-07-10  ,02:31 ,HST ,-0.062926
2026-07-10  ,02:46 ,HST ,-0.116253
2026-07-10  ,03:01 ,HST ,-0.162313
2026-07-10  ,03:16 ,HST ,-0.200181
2026-07-10  ,03:31 ,HST ,-0.229161
2026-07-10  ,03:46 ,HST ,-0.248595
2026-07-10  ,04:01 ,HST ,-0.257924
2026-07-10  ,04:16 ,HST ,-0.256814
2026-07-10  ,04:31 ,HST ,-0.245415
2026-07-10  ,04:46 ,HST ,-0.223591
2026-07-10  ,05:01 ,HST ,-0.191313
2026-07-10  ,05:16 ,HST ,-0.148559
2026-07-10  ,05:31 ,HST ,-0.095527
2026-07-10  ,05:46 ,HST ,-0.032509
2026-07-10  ,06:01 ,HST ,0.040001
2026-07-10  ,06:16 ,HST ,0.121645
2026-07-10  ,06:31 ,HST ,0.211715
2026-07-10  ,06:46 ,HST ,0.309477
2026-07-10  ,07:01 ,HST ,0.413979
2026-07-10  ,07:16 ,HST ,0.524549
2026-07-10  ,07:31 ,HST ,0.640085
2026-07-10  ,07:46 ,HST ,0.759541
2026-07-10  ,08:01 ,HST ,0.881680
2026-07-10  ,08:16 ,HST ,1.005650
2026-07-10  ,08:31 ,HST ,1.130164
2026-07-10  ,08:46 ,HST ,1.254061
2026-07-10  ,09:01 ,HST ,1.376057
2026-07-10  ,09:16 ,HST ,1.495303
2026-07-10  ,09:31 ,HST ,1.610569
2026-07-10  ,09:46 ,HST ,1.720818
2026-07-10  ,10:01 ,HST ,1.825073
2026-07-10  ,10:16 ,HST ,1.922332
2026-07-10  ,10:31 ,HST ,2.012004
2026-07-10  ,10:46 ,HST ,2.093262
2026-07-10  ,11:01 ,HST ,2.165498
2026-07-10  ,11:16 ,HST ,2.228150
2026-07-10  ,11:31 ,HST ,2.280986
2026-07-10  ,11:46 ,HST ,2.323674
2026-07-10  ,12:01 ,HST ,2.356084
2026-07-10  ,12:16 ,HST ,2.378190
2026-07-10  ,12:31 ,HST ,2.390160
2026-07-10  ,12:46 ,HST ,2.392180
2026-07-10  ,13:01 ,HST ,2.384241
2026-07-10  ,13:16 ,HST ,2.366730
2026-07-10  ,13:31 ,HST ,2.340261
2026-07-10  ,13:46 ,HST ,2.305547
2026-07-10  ,14:01 ,HST ,2.263394
2026-07-10  ,14:16 ,HST ,2.214680
2026-07-10  ,14:31 ,HST ,2.160342
2026-07-10  ,14:46 ,HST ,2.101364
2026-07-10  ,15:01 ,HST ,2.038682
2026-07-10  ,15:16 ,HST ,1.973456
2026-07-10  ,15:31 ,HST ,1.906631
2026-07-10  ,15:46 ,HST ,1.839199
2026-07-10  ,16:01 ,HST ,1.772113
2026-07-10  ,16:16 ,HST ,1.706270
2026-07-10  ,16:31 ,HST ,1.642501
2026-07-10  ,16:46 ,HST ,1.581558
2026-07-10  ,17:01 ,HST ,1.524035
2026-07-10  ,17:16 ,HST ,1.470616
2026-07-10  ,17:31 ,HST ,1.421681
2026-07-10  ,17:46 ,HST ,1.377559
2026-07-10  ,18:01 ,HST ,1.338459
2026-07-10  ,18:16 ,HST ,1.304469
2026-07-10  ,18:31 ,HST ,1.275554
2026-07-10  ,18:46 ,HST ,1.251560
2026-07-10  ,19:01 ,HST ,1.232200
2026-07-10  ,19:16 ,HST ,1.217141
2026-07-10  ,19:31 ,HST ,1.205881
2026-07-10  ,19:46 ,HST ,1.197855
2026-07-10  ,20:01 ,HST ,1.192421
2026-07-10  ,20:16 ,HST ,1.188872
2026-07-10  ,20:31 ,HST ,1.186451
2026-07-10  ,20:46 ,HST ,1.184368
2026-07-10  ,21:01 ,HST ,1.181812
2026-07-10  ,21:16 ,HST ,1.177977
2026-07-10  ,21:31 ,HST ,1.172067
2026-07-10  ,21:46 ,HST ,1.163319
2026-07-10  ,22:01 ,HST ,1.151021
2026-07-10  ,22:16 ,HST ,1.134522
2026-07-10  ,22:31 ,HST ,1.113248
2026-07-10  ,22:46 ,HST ,1.086720
2026-07-10  ,23:01 ,HST ,1.054518
2026-07-10  ,23:16 ,HST ,1.016449
2026-07-10  ,23:31 ,HST ,0.972334
2026-07-10  ,23:46 ,HST ,0.922156
2026-07-11  ,00:01 ,HST ,0.866028
2026-07-11  ,00:16 ,HST ,0.804195
2026-07-11  ,00:31 ,HST ,0.737034
2026-07-11  ,00:46 ,HST ,0.665051
2026-07-11  ,01:01 ,HST ,0.588792
2026-07-11  ,01:16 ,HST ,0.509170
2026-07-11  ,01:31 ,HST ,0.426958
2026-07-11  ,01:46 ,HST ,0.343103
2026-07-11  ,02:01 ,HST ,0.258636
2026-07-11  ,02:16 ,HST ,0.174655
2026-07-11  ,02:31 ,HST ,0.092308
2026-07-11  ,02:46 ,HST ,0.012776
2026-07-11  ,03:01 ,HST ,-0.062825
2026-07-11  ,03:16 ,HST ,-0.133136
2026-07-11  ,03:31 ,HST ,-0.197073
2026-07-11  ,03:46 ,HST ,-0.253509
2026-07-11  ,04:01 ,HST ,-0.301378
2026-07-11  ,04:16 ,HST ,-0.339694
2026-07-11  ,04:31 ,HST ,-0.367564
2026-07-11  ,04:46 ,HST ,-0.384211
2026-07-11  ,05:01 ,HST ,-0.388984
2026-07-11  ,05:16 ,HST ,-0.381813
2026-07-11  ,05:31 ,HST ,-0.362677
2026-07-11  ,05:46 ,HST ,-0.331379
2026-07-11  ,06:01 ,HST ,-0.287809
2026-07-11  ,06:16 ,HST ,-0.232160
2026-07-11  ,06:31 ,HST ,-0.164546
2026-07-11  ,06:46 ,HST ,-0.085509
2026-07-11  ,07:01 ,HST ,0.004488
2026-07-11  ,07:16 ,HST ,0.104897
2026-07-11  ,07:31 ,HST ,0.214686
2026-07-11  ,07:46 ,HST ,0.333179
2026-07-11  ,08:01 ,HST ,0.459070
2026-07-11  ,08:16 ,HST ,0.591355
2026-07-11  ,08:31 ,HST ,0.728974
2026-07-11  ,08:46 ,HST ,0.870324
2026-07-11  ,09:01 ,HST ,1.014381
2026-07-11  ,09:16 ,HST ,1.159438
2026-07-11  ,09:31 ,HST ,1.304260
2026-07-11  ,09:46 ,HST ,1.447614
2026-07-11  ,10:01 ,HST ,1.587792
2026-07-11  ,10:16 ,HST ,1.723618
2026-07-11  ,10:31 ,HST ,1.853945
2026-07-11  ,10:46 ,HST ,1.977257
2026-07-11  ,11:01 ,HST ,2.092701
2026-07-11  ,11:16 ,HST ,2.198981
2026-07-11  ,11:31 ,HST ,2.295316
2026-07-11  ,11:46 ,HST ,2.381003
2026-07-11  ,12:01 ,HST ,2.455190
2026-07-11  ,12:16 ,HST ,2.517533
2026-07-11  ,12:31 ,HST ,2.567523
2026-07-11  ,12:46 ,HST ,2.605027
2026-07-11  ,13:01 ,HST ,2.630009
2026-07-11  ,13:16 ,HST ,2.642506
2026-07-11  ,13:31 ,HST ,2.642353
2026-07-11  ,13:46 ,HST ,2.627027
2026-07-11  ,14:01 ,HST ,2.596721
2026-07-11  ,14:16 ,HST ,2.552371
2026-07-11  ,14:31 ,HST ,2.495084
2026-07-11  ,14:46 ,HST ,2.426197
2026-07-11  ,15:01 ,HST ,2.346946
2026-07-11  ,15:16 ,HST ,2.258890
2026-07-11  ,15:31 ,HST ,2.163598
2026-07-11  ,15:46 ,HST ,2.062691
2026-07-11  ,16:01 ,HST ,1.957816
2026-07-11  ,16:16 ,HST ,1.850615
2026-07-11  ,16:31 ,HST ,1.742702
2026-07-11  ,16:46 ,HST ,1.635632
2026-07-11  ,17:01 ,HST ,1.530991
2026-07-11  ,17:16 ,HST ,1.429919
2026-07-11  ,17:31 ,HST ,1.333770
2026-07-11  ,17:46 ,HST ,1.243635
2026-07-11  ,18:01 ,HST ,1.160445
2026-07-11  ,18:16 ,HST ,1.084949
2026-07-11  ,18:31 ,HST ,1.017708
2026-07-11  ,18:46 ,HST ,0.959091
2026-07-11  ,19:01 ,HST ,0.909263
2026-07-11  ,19:16 ,HST ,0.868234
2026-07-11  ,19:31 ,HST ,0.835688
2026-07-11  ,19:46 ,HST ,0.811258
2026-07-11  ,20:01 ,HST ,0.794353
2026-07-11  ,20:16 ,HST ,0.784215
2026-07-11  ,20:31 ,HST ,0.779940
2026-07-11  ,20:46 ,HST ,0.784866
2026-07-11  ,21:01 ,HST ,0.811126
2026-07-11  ,21:16 ,HST ,0.853777
2026-07-11  ,21:31 ,HST ,0.905934
2026-07-11  ,21:46 ,HST ,0.960682
2026-07-11  ,22:01 ,HST ,1.011049
2026-07-11  ,22:16 ,HST ,1.049918
2026-07-11  ,22:31 ,HST ,1.070524
2026-07-11  ,22:46 ,HST ,1.071432
2026-07-11  ,23:01 ,HST ,1.066818
2026-07-11  ,23:16 ,HST ,1.057318
2026-07-11  ,23:31 ,HST ,1.042232
2026-07-11  ,23:46 ,HST ,1.020919
2026-07-12  ,00:01 ,HST ,0.992916
2026-07-12  ,00:16 ,HST ,0.957885
2026-07-12  ,00:31 ,HST ,0.915640
2026-07-12  ,00:46 ,HST ,0.866209
2026-07-12  ,01:01 ,HST ,0.809617
2026-07-12  ,01:16 ,HST ,0.746210
2026-07-12  ,01:31 ,HST ,0.676444
2026-07-12  ,01:46 ,HST ,0.601017
2026-07-12  ,02:01 ,HST ,0.520525
2026-07-12  ,02:16 ,HST ,0.435950
2026-07-12  ,02:31 ,HST ,0.348317
2026-07-12  ,02:46 ,HST ,0.258764
2026-07-12  ,03:01 ,HST ,0.168621
2026-07-12  ,03:16 ,HST ,0.078996
2026-07-12  ,03:31 ,HST ,-0.008656
2026-07-12  ,03:46 ,HST ,-0.092944
2026-07-12  ,04:01 ,HST ,-0.172387
2026-07-12  ,04:16 ,HST ,-0.245777
2026-07-12  ,04:31 ,HST ,-0.311679
2026-07-12  ,04:46 ,HST ,-0.368811
2026-07-12  ,05:01 ,HST ,-0.415975
2026-07-12  ,05:16 ,HST ,-0.452044
2026-07-12  ,05:31 ,HST ,-0.476132
2026-07-12  ,05:46 ,HST ,-0.487369
2026-07-12  ,06:01 ,HST ,-0.485228
2026-07-12  ,06:16 ,HST ,-0.469671
2026-07-12  ,06:31 ,HST ,-0.440438
2026-07-12  ,06:46 ,HST ,-0.397408
2026-07-12  ,07:01 ,HST ,-0.340628
2026-07-12  ,07:16 ,HST ,-0.270319
2026-07-12  ,07:31 ,HST ,-0.186875
2026-07-12  ,07:46 ,HST ,-0.090859
2026-07-12  ,08:01 ,HST ,0.017003
2026-07-12  ,08:16 ,HST ,0.135827
2026-07-12  ,08:31 ,HST ,0.264585
2026-07-12  ,08:46 ,HST ,0.402116
2026-07-12  ,09:01 ,HST ,0.547139
2026-07-12  ,09:16 ,HST ,0.698272
2026-07-12  ,09:31 ,HST ,0.853867
2026-07-12  ,09:46 ,HST ,1.012748
2026-07-12  ,10:01 ,HST ,1.173159
2026-07-12  ,10:16 ,HST ,1.333500
2026-07-12  ,10:31 ,HST ,1.492161
2026-07-12  ,10:46 ,HST ,1.647554
2026-07-12  ,11:01 ,HST ,1.798130
2026-07-12  ,11:16 ,HST ,1.942399
2026-07-12  ,11:31 ,HST ,2.078951
2026-07-12  ,11:46 ,HST ,2.206472
2026-07-12  ,12:01 ,HST ,2.323768
2026-07-12  ,12:16 ,HST ,2.429774
2026-07-12  ,12:31 ,HST ,2.523570
2026-07-12  ,12:46 ,HST ,2.604393
2026-07-12  ,13:01 ,HST ,2.671646
2026-07-12  ,13:16 ,HST ,2.724907
2026-07-12  ,13:31 ,HST ,2.763929
2026-07-12  ,13:46 ,HST ,2.788647
2026-07-12  ,14:01 ,HST ,2.799172
2026-07-12  ,14:16 ,HST ,2.794626
2026-07-12  ,14:31 ,HST ,2.772642
2026-07-12  ,14:46 ,HST ,2.733944
2026-07-12  ,15:01 ,HST ,2.679611
2026-07-12  ,15:16 ,HST ,2.610920
2026-07-12  ,15:31 ,HST ,2.529320
2026-07-12  ,15:46 ,HST ,2.436408
2026-07-12  ,16:01 ,HST ,2.333901
2026-07-12  ,16:16 ,HST ,2.223607
2026-07-12  ,16:31 ,HST ,2.107392
2026-07-12  ,16:46 ,HST ,1.987285
2026-07-12  ,17:01 ,HST ,1.864913
2026-07-12  ,17:16 ,HST ,1.742260
2026-07-12  ,17:31 ,HST ,1.621117
2026-07-12  ,17:46 ,HST ,1.503176
2026-07-12  ,18:01 ,HST ,1.390010
2026-07-12  ,18:16 ,HST ,1.283041
2026-07-12  ,18:31 ,HST ,1.183521
2026-07-12  ,18:46 ,HST ,1.092514
2026-07-12  ,19:01 ,HST ,1.010877
2026-07-12  ,19:16 ,HST ,0.939250
2026-07-12  ,19:31 ,HST ,0.878046
2026-07-12  ,19:46 ,HST ,0.827501
2026-07-12  ,20:01 ,HST ,0.787458
2026-07-12  ,20:16 ,HST ,0.757708
2026-07-12  ,20:31 ,HST ,0.737765
2026-07-12  ,20:46 ,HST ,0.726934
2026-07-12  ,21:01 ,HST ,0.724443
2026-07-12  ,21:16 ,HST ,0.734267
2026-07-12  ,21:31 ,HST ,0.757094
2026-07-12  ,21:46 ,HST ,0.790428
2026-07-12  ,22:01 ,HST ,0.831467
2026-07-12  ,22:16 ,HST ,0.877393
2026-07-12  ,22:31 ,HST ,0.925268
2026-07-12  ,22:46 ,HST ,0.972118
2026-07-12  ,23:01 ,HST ,1.014987
2026-07-12  ,23:16 ,HST ,1.051017
2026-07-12  ,23:31 ,HST ,1.077343
2026-07-12  ,23:46 ,HST ,1.091393
2026-07-13  ,00:01 ,HST ,1.092200
2026-07-13  ,00:16 ,HST ,1.085614
2026-07-13  ,00:31 ,HST ,1.071939
2026-07-13  ,00:46 ,HST ,1.050565
2026-07-13  ,01:01 ,HST ,1.021008
2026-07-13  ,01:16 ,HST ,0.983057
2026-07-13  ,01:31 ,HST ,0.936591
2026-07-13  ,01:46 ,HST ,0.881704
2026-07-13  ,02:01 ,HST ,0.818602
2026-07-13  ,02:16 ,HST ,0.747887
2026-07-13  ,02:31 ,HST ,0.670143
2026-07-13  ,02:46 ,HST ,0.586095
2026-07-13  ,03:01 ,HST ,0.496905
2026-07-13  ,03:16 ,HST ,0.403611
2026-07-13  ,03:31 ,HST ,0.307471
2026-07-13  ,03:46 ,HST ,0.209742
2026-07-13  ,04:01 ,HST ,0.112089
2026-07-13  ,04:16 ,HST ,0.015926
2026-07-13  ,04:31 ,HST ,-0.077195
2026-07-13  ,04:46 ,HST ,-0.165797
2026-07-13  ,05:01 ,HST ,-0.248134
2026-07-13  ,05:16 ,HST ,-0.322790
2026-07-13  ,05:31 ,HST ,-0.388386
2026-07-13  ,05:46 ,HST ,-0.443423
2026-07-13  ,06:01 ,HST ,-0.486741
2026-07-13  ,06:16 ,HST ,-0.517241
2026-07-13  ,06:31 ,HST ,-0.533995
2026-07-13  ,06:46 ,HST ,-0.536248
2026-07-13  ,07:01 ,HST ,-0.523952
2026-07-13  ,07:16 ,HST ,-0.496937
2026-07-13  ,07:31 ,HST ,-0.454988
2026-07-13  ,07:46 ,HST ,-0.398162
2026-07-13  ,08:01 ,HST ,-0.326777
2026-07-13  ,08:16 ,HST ,-0.241091
2026-07-13  ,08:31 ,HST ,-0.141903
2026-07-13  ,08:46 ,HST ,-0.029774
2026-07-13  ,09:01 ,HST ,0.094081
2026-07-13  ,09:16 ,HST ,0.228825
2026-07-13  ,09:31 ,HST ,0.372887
2026-07-13  ,09:46 ,HST ,0.525199
2026-07-13  ,10:01 ,HST ,0.683906
2026-07-13  ,10:16 ,HST ,0.847770
2026-07-13  ,10:31 ,HST ,1.014748
2026-07-13  ,10:46 ,HST ,1.183500
2026-07-13  ,11:01 ,HST ,1.352089
2026-07-13  ,11:16 ,HST ,1.518580
2026-07-13  ,11:31 ,HST ,1.681624
2026-07-13  ,11:46 ,HST ,1.839174
2026-07-13  ,12:01 ,HST ,1.989975
2026-07-13  ,12:16 ,HST ,2.132164
2026-07-13  ,12:31 ,HST ,2.264652
2026-07-13  ,12:46 ,HST ,2.385858
2026-07-13  ,13:01 ,HST ,2.494919
2026-07-13  ,13:16 ,HST ,2.590613
2026-07-13  ,13:31 ,HST ,2.672356
2026-07-13  ,13:46 ,HST ,2.739412
2026-07-13  ,14:01 ,HST ,2.791302
2026-07-13  ,14:16 ,HST ,2.827911
2026-07-13  ,14:31 ,HST ,2.849121
2026-07-13  ,14:46 ,HST ,2.855119
2026-07-13  ,15:01 ,HST ,2.843683
2026-07-13  ,15:16 ,HST ,2.813710
2026-07-13  ,15:31 ,HST ,2.766188
2026-07-13  ,15:46 ,HST ,2.702416
2026-07-13  ,16:01 ,HST ,2.623682
2026-07-13  ,16:16 ,HST ,2.531767
2026-07-13  ,16:31 ,HST ,2.428237
2026-07-13  ,16:46 ,HST ,2.315076
2026-07-13  ,17:01 ,HST ,2.194404
2026-07-13  ,17:16 ,HST ,2.067997
2026-07-13  ,17:31 ,HST ,1.938190
2026-07-13  ,17:46 ,HST ,1.806753
2026-07-13  ,18:01 ,HST ,1.675833
2026-07-13  ,18:16 ,HST ,1.547495
2026-07-13  ,18:31 ,HST ,1.423278
2026-07-13  ,18:46 ,HST ,1.305001
2026-07-13  ,19:01 ,HST ,1.194289
2026-07-13  ,19:16 ,HST ,1.092222
2026-07-13  ,19:31 ,HST ,1.000128
2026-07-13  ,19:46 ,HST ,0.918689
2026-07-13  ,20:01 ,HST ,0.848654
2026-07-13  ,20:16 ,HST ,0.790474
2026-07-13  ,20:31 ,HST ,0.744168
2026-07-13  ,20:46 ,HST ,0.709702
2026-07-13  ,21:01 ,HST ,0.686743
2026-07-13  ,21:16 ,HST ,0.674659
2026-07-13  ,21:31 ,HST ,0.672865
2026-07-13  ,21:46 ,HST ,0.683292
2026-07-13  ,22:01 ,HST ,0.705409
2026-07-13  ,22:16 ,HST ,0.737486
2026-07-13  ,22:31 ,HST ,0.777554
2026-07-13  ,22:46 ,HST ,0.823473
2026-07-13  ,23:01 ,HST ,0.873172
2026-07-13  ,23:16 ,HST ,0.924361
2026-07-13  ,23:31 ,HST ,0.974718
2026-07-13  ,23:46 ,HST ,1.022119
2026-07-14  ,00:01 ,HST ,1.064311
2026-07-14  ,00:16 ,HST ,1.099159
2026-07-14  ,00:31 ,HST ,1.124772
2026-07-14  ,00:46 ,HST ,1.139294
2026-07-14  ,01:01 ,HST ,1.141514
2026-07-14  ,01:16 ,HST ,1.134663
2026-07-14  ,01:31 ,HST ,1.119234
2026-07-14  ,01:46 ,HST ,1.094755
2026-07-14  ,02:01 ,HST ,1.060900
2026-07-14  ,02:16 ,HST ,1.017551
2026-07-14  ,02:31 ,HST ,0.964732
2026-07-14  ,02:46 ,HST ,0.902851
2026-07-14  ,03:01 ,HST ,0.832348
2026-07-14  ,03:16 ,HST ,0.753914
2026-07-14  ,03:31 ,HST ,0.668426
2026-07-14  ,03:46 ,HST ,0.576834
2026-07-14  ,04:01 ,HST ,0.480546
2026-07-14  ,04:16 ,HST ,0.380814
2026-07-14  ,04:31 ,HST ,0.279102
2026-07-14  ,04:46 ,HST ,0.176858
2026-07-14  ,05:01 ,HST ,0.075930
2026-07-14  ,05:16 ,HST ,-0.022128
2026-07-14  ,05:31 ,HST ,-0.115640
2026-07-14  ,05:46 ,HST ,-0.203038
2026-07-14  ,06:01 ,HST ,-0.282519
2026-07-14  ,06:16 ,HST ,-0.352641
2026-07-14  ,06:31 ,HST ,-0.411968
2026-07-14  ,06:46 ,HST ,-0.459188
2026-07-14  ,07:01 ,HST ,-0.493172
2026-07-14  ,07:16 ,HST ,-0.512858
2026-07-14  ,07:31 ,HST ,-0.517506
2026-07-14  ,07:46 ,HST ,-0.507062
2026-07-14  ,08:01 ,HST ,-0.481457
2026-07-14  ,08:16 ,HST ,-0.440546
2026-07-14  ,08:31 ,HST ,-0.384385
2026-07-14  ,08:46 ,HST ,-0.313227
2026-07-14  ,09:01 ,HST ,-0.227529
2026-07-14  ,09:16 ,HST ,-0.127821
2026-07-14  ,09:31 ,HST ,-0.015168
2026-07-14  ,09:46 ,HST ,0.109519
2026-07-14  ,10:01 ,HST ,0.245060
2026-07-14  ,10:16 ,HST ,0.390122
2026-07-14  ,10:31 ,HST ,0.543242
2026-07-14  ,10:46 ,HST ,0.702846
2026-07-14  ,11:01 ,HST ,0.867265
2026-07-14  ,11:16 ,HST ,1.034954
2026-07-14  ,11:31 ,HST ,1.203749
2026-07-14  ,11:46 ,HST ,1.372037
2026-07-14  ,12:01 ,HST ,1.538019
2026-07-14  ,12:16 ,HST ,1.699925
2026-07-14  ,12:31 ,HST ,1.856037
2026-07-14  ,12:46 ,HST ,2.004714
2026-07-14  ,13:01 ,HST ,2.144413
2026-07-14  ,13:16 ,HST ,2.273852
2026-07-14  ,13:31 ,HST ,2.391452
2026-07-14  ,13:46 ,HST ,2.496237
2026-07-14  ,14:01 ,HST ,2.587250
2026-07-14  ,14:16 ,HST ,2.663717
2026-07-14  ,14:31 ,HST ,2.725055
2026-07-14  ,14:46 ,HST ,2.770883
2026-07-14  ,15:01 ,HST ,2.801020
2026-07-14  ,15:16 ,HST ,2.815501
2026-07-14  ,15:31 ,HST ,2.813828
2026-07-14  ,15:46 ,HST ,2.793310
2026-07-14  ,16:01 ,HST ,2.754377
2026-07-14  ,16:16 ,HST ,2.698120
2026-07-14  ,16:31 ,HST ,2.625863
2026-07-14  ,16:46 ,HST ,2.539137
2026-07-14  ,17:01 ,HST ,2.439652
2026-07-14  ,17:16 ,HST ,2.329268
2026-07-14  ,17:31 ,HST ,2.209963
2026-07-14  ,17:46 ,HST ,2.083799
2026-07-14  ,18:01 ,HST ,1.952884
2026-07-14  ,18:16 ,HST ,1.819341
2026-07-14  ,18:31 ,HST ,1.685269
2026-07-14  ,18:46 ,HST ,1.552710
2026-07-14  ,19:01 ,HST ,1.423612
2026-07-14  ,19:16 ,HST ,1.299803
2026-07-14  ,19:31 ,HST ,1.182954
2026-07-14  ,19:46 ,HST ,1.074561
2026-07-14  ,20:01 ,HST ,0.975813
2026-07-14  ,20:16 ,HST ,0.887993
2026-07-14  ,20:31 ,HST ,0.811821
2026-07-14  ,20:46 ,HST ,0.747878
2026-07-14  ,21:01 ,HST ,0.696492
2026-07-14  ,21:16 ,HST ,0.657732
2026-07-14  ,21:31 ,HST ,0.631411
2026-07-14  ,21:46 ,HST ,0.617095
2026-07-14  ,22:01 ,HST ,0.614174
2026-07-14  ,22:16 ,HST ,0.623301
2026-07-14  ,22:31 ,HST ,0.643955
2026-07-14  ,22:46 ,HST ,0.674717
2026-07-14  ,23:01 ,HST ,0.714006
2026-07-14  ,23:16 ,HST ,0.760100
2026-07-14  ,23:31 ,HST ,0.811171
2026-07-14  ,23:46 ,HST ,0.865315
2026-07-15  ,00:01 ,HST ,0.920581
2026-07-15  ,00:16 ,HST ,0.975009
2026-07-15  ,00:31 ,HST ,1.026601
2026-07-15  ,00:46 ,HST ,1.073595
2026-07-15  ,01:01 ,HST ,1.114131
2026-07-15  ,01:16 ,HST ,1.146526
2026-07-15  ,01:31 ,HST ,1.169244
2026-07-15  ,01:46 ,HST ,1.180921
2026-07-15  ,02:01 ,HST ,1.180971
2026-07-15  ,02:16 ,HST ,1.171553
2026-07-15  ,02:31 ,HST ,1.152571
2026-07-15  ,02:46 ,HST ,1.123707
2026-07-15  ,03:01 ,HST ,1.084852
2026-07-15  ,03:16 ,HST ,1.036108
2026-07-15  ,03:31 ,HST ,0.977787
2026-07-15  ,03:46 ,HST ,0.910411
2026-07-15  ,04:01 ,HST ,0.834705
2026-07-15  ,04:16 ,HST ,0.751583
2026-07-15  ,04:31 ,HST ,0.662135
2026-07-15  ,04:46 ,HST ,0.567614
2026-07-15  ,05:01 ,HST ,0.469409
2026-07-15  ,05:16 ,HST ,0.369024
2026-07-15  ,05:31 ,HST ,0.268056
2026-07-15  ,05:46 ,HST ,0.168165
2026-07-15  ,06:01 ,HST ,0.071045
2026-07-15  ,06:16 ,HST ,-0.021601
2026-07-15  ,06:31 ,HST ,-0.108097
2026-07-15  ,06:46 ,HST ,-0.186817
2026-07-15  ,07:01 ,HST ,-0.256287
2026-07-15  ,07:16 ,HST ,-0.314920
2026-07-15  ,07:31 ,HST ,-0.361495
2026-07-15  ,07:46 ,HST ,-0.394870
2026-07-15  ,08:01 ,HST ,-0.414083
2026-07-15  ,08:16 ,HST ,-0.418388
2026-07-15  ,08:31 ,HST ,-0.407889
2026-07-15  ,08:46 ,HST ,-0.382577
2026-07-15  ,09:01 ,HST ,-0.342401
2026-07-15  ,09:16 ,HST ,-0.287367
2026-07-15  ,09:31 ,HST ,-0.217806
2026-07-15  ,09:46 ,HST ,-0.134212
2026-07-15  ,10:01 ,HST ,-0.037387
2026-07-15  ,10:16 ,HST ,0.072020
2026-07-15  ,10:31 ,HST ,0.192865
2026-07-15  ,10:46 ,HST ,0.323944
2026-07-15  ,11:01 ,HST ,0.463749
2026-07-15  ,11:16 ,HST ,0.611129
2026-07-15  ,11:31 ,HST ,0.764352
2026-07-15  ,11:46 ,HST ,0.921579
2026-07-15  ,12:01 ,HST ,1.081446
2026-07-15  ,12:16 ,HST ,1.242020
2026-07-15  ,12:31 ,HST ,1.401530
2026-07-15  ,12:46 ,HST ,1.558039
2026-07-15  ,13:01 ,HST ,1.710184
2026-07-15  ,13:16 ,HST ,1.856122
2026-07-15  ,13:31 ,HST ,1.994272
2026-07-15  ,13:46 ,HST ,2.123020
2026-07-15  ,14:01 ,HST ,2.241308
2026-07-15  ,14:16 ,HST ,2.347779
2026-07-15  ,14:31 ,HST ,2.441286
2026-07-15  ,14:46 ,HST ,2.521169
2026-07-15  ,15:01 ,HST ,2.586623
2026-07-15  ,15:16 ,HST ,2.637152
2026-07-15  ,15:31 ,HST ,2.672426
2026-07-15  ,15:46 ,HST ,2.692428
2026-07-15  ,16:01 ,HST ,2.697149
2026-07-15  ,16:16 ,HST ,2.684368
2026-07-15  ,16:31 ,HST ,2.653414
2026-07-15  ,16:46 ,HST ,2.605206
2026-07-15  ,17:01 ,HST ,2.540822
2026-07-15  ,17:16 ,HST ,2.461774
2026-07-15  ,17:31 ,HST ,2.369564
2026-07-15  ,17:46 ,HST ,2.265919
2026-07-15  ,18:01 ,HST ,2.152573
2026-07-15  ,18:16 ,HST ,2.031734
2026-07-15  ,18:31 ,HST ,1.905316
2026-07-15  ,18:46 ,HST ,1.775383
2026-07-15  ,19:01 ,HST ,1.643997
2026-07-15  ,19:16 ,HST ,1.513046
2026-07-15  ,19:31 ,HST ,1.384773
2026-07-15  ,19:46 ,HST ,1.260895
2026-07-15  ,20:01 ,HST ,1.143137
2026-07-15  ,20:16 ,HST ,1.032954
2026-07-15  ,20:31 ,HST ,0.931972
2026-07-15  ,20:46 ,HST ,0.841248
2026-07-15  ,21:01 ,HST ,0.761743
2026-07-15  ,21:16 ,HST ,0.694182
2026-07-15  ,21:31 ,HST ,0.638993
2026-07-15  ,21:46 ,HST ,0.596527
2026-07-15  ,22:01 ,HST ,0.566702
2026-07-15  ,22:16 ,HST ,0.549252
2026-07-15  ,22:31 ,HST ,0.543679
2026-07-15  ,22:46 ,HST ,0.549851
2026-07-15  ,23:01 ,HST ,0.567366
2026-07-15  ,23:16 ,HST ,0.595090
2026-07-15  ,23:31 ,HST ,0.631678
2026-07-15  ,23:46 ,HST ,0.675784
2026-07-16  ,00:01 ,HST ,0.725820
2026-07-16  ,00:16 ,HST ,0.780087
2026-07-16  ,00:31 ,HST ,0.837016
2026-07-16  ,00:46 ,HST ,0.894820
2026-07-16  ,01:01 ,HST ,0.951771
2026-07-16  ,01:16 ,HST ,1.006108
2026-07-16  ,01:31 ,HST ,1.056312
2026-07-16  ,01:46 ,HST ,1.100757
2026-07-16  ,02:01 ,HST ,1.137950
2026-07-16  ,02:16 ,HST ,1.166659
2026-07-16  ,02:31 ,HST ,1.185673
2026-07-16  ,02:46 ,HST ,1.194000
2026-07-16  ,03:01 ,HST ,1.191585
2026-07-16  ,03:16 ,HST ,1.179547
2026-07-16  ,03:31 ,HST ,1.157657
2026-07-16  ,03:46 ,HST ,1.125783
2026-07-16  ,04:01 ,HST ,1.084113
2026-07-16  ,04:16 ,HST ,1.032947
2026-07-16  ,04:31 ,HST ,0.972816
2026-07-16  ,04:46 ,HST ,0.904449
2026-07-16  ,05:01 ,HST ,0.828760
2026-07-16  ,05:16 ,HST ,0.746834
2026-07-16  ,05:31 ,HST ,0.659904
2026-07-16  ,05:46 ,HST ,0.569338
2026-07-16  ,06:01 ,HST ,0.476610
2026-07-16  ,06:16 ,HST ,0.383277
2026-07-16  ,06:31 ,HST ,0.290951
2026-07-16  ,06:46 ,HST ,0.201175
2026-07-16  ,07:01 ,HST ,0.115784
2026-07-16  ,07:16 ,HST ,0.036287
2026-07-16  ,07:31 ,HST ,-0.035767
2026-07-16  ,07:46 ,HST ,-0.098913
2026-07-16  ,08:01 ,HST ,-0.151802
2026-07-16  ,08:16 ,HST ,-0.193219
2026-07-16  ,08:31 ,HST ,-0.222108
2026-07-16  ,08:46 ,HST ,-0.237593
2026-07-16  ,09:01 ,HST ,-0.239081
2026-07-16  ,09:16 ,HST ,-0.226967
2026-07-16  ,09:31 ,HST ,-0.201230
2026-07-16  ,09:46 ,HST ,-0.161771
2026-07-16  ,10:01 ,HST ,-0.108826
2026-07-16  ,10:16 ,HST ,-0.042688
2026-07-16  ,10:31 ,HST ,0.036224
2026-07-16  ,10:46 ,HST ,0.127036
2026-07-16  ,11:01 ,HST ,0.228968
2026-07-16  ,11:16 ,HST ,0.341131
2026-07-16  ,11:31 ,HST ,0.462104
2026-07-16  ,11:46 ,HST ,0.590714
2026-07-16  ,12:01 ,HST ,0.725557
2026-07-16  ,12:16 ,HST ,0.865298
2026-07-16  ,12:31 ,HST ,1.008051
2026-07-16  ,12:46 ,HST ,1.152357
2026-07-16  ,13:01 ,HST ,1.296741
2026-07-16  ,13:16 ,HST ,1.439228
2026-07-16  ,13:31 ,HST ,1.578359
2026-07-16  ,13:46 ,HST ,1.712704
2026-07-16  ,14:01 ,HST ,1.840442
2026-07-16  ,14:16 ,HST ,1.960297
2026-07-16  ,14:31 ,HST ,2.070949
2026-07-16  ,14:46 ,HST ,2.171305
2026-07-16  ,15:01 ,HST ,2.260078
2026-07-16  ,15:16 ,HST ,2.336485
2026-07-16  ,15:31 ,HST ,2.399854
2026-07-16  ,15:46 ,HST ,2.449480
2026-07-16  ,16:01 ,HST ,2.485064
2026-07-16  ,16:16 ,HST ,2.506433
2026-07-16  ,16:31 ,HST ,2.513537
2026-07-16  ,16:46 ,HST ,2.504982
2026-07-16  ,17:01 ,HST ,2.479562
2026-07-16  ,17:16 ,HST ,2.438005
2026-07-16  ,17:31 ,HST ,2.381261
2026-07-16  ,17:46 ,HST ,2.310494
2026-07-16  ,18:01 ,HST ,2.226956
2026-07-16  ,18:16 ,HST ,2.132344
2026-07-16  ,18:31 ,HST ,2.028228
2026-07-16  ,18:46 ,HST ,1.916370
2026-07-16  ,19:01 ,HST ,1.798614
2026-07-16  ,19:16 ,HST ,1.676853
2026-07-16  ,19:31 ,HST ,1.552994
2026-07-16  ,19:46 ,HST ,1.428934
2026-07-16  ,20:01 ,HST ,1.306521
2026-07-16  ,20:16 ,HST ,1.187530
2026-07-16  ,20:31 ,HST ,1.073632
2026-07-16  ,20:46 ,HST ,0.966253
2026-07-16  ,21:01 ,HST ,0.867012
2026-07-16  ,21:16 ,HST ,0.776998
2026-07-16  ,21:31 ,HST ,0.697228
2026-07-16  ,21:46 ,HST ,0.628508
2026-07-16  ,22:01 ,HST ,0.571429
2026-07-16  ,22:16 ,HST ,0.526353
2026-07-16  ,22:31 ,HST ,0.493416
2026-07-16  ,22:46 ,HST ,0.472526
2026-07-16  ,23:01 ,HST ,0.463367
2026-07-16  ,23:16 ,HST ,0.465508
2026-07-16  ,23:31 ,HST ,0.478477
2026-07-16  ,23:46 ,HST ,0.501418
2026-07-17  ,00:01 ,HST ,0.533312
2026-07-17  ,00:16 ,HST ,0.573008
2026-07-17  ,00:31 ,HST ,0.619242
2026-07-17  ,00:46 ,HST ,0.670659
2026-07-17  ,01:01 ,HST ,0.725835
2026-07-17  ,01:16 ,HST ,0.783304
2026-07-17  ,01:31 ,HST ,0.841647
2026-07-17  ,01:46 ,HST ,0.899246
2026-07-17  ,02:01 ,HST ,0.954717
2026-07-17  ,02:16 ,HST ,1.006664
2026-07-17  ,02:31 ,HST ,1.053763
2026-07-17  ,02:46 ,HST ,1.094794
2026-07-17  ,03:01 ,HST ,1.128652
2026-07-17  ,03:16 ,HST ,1.154368
2026-07-17  ,03:31 ,HST ,1.171127
2026-07-17  ,03:46 ,HST ,1.178279
2026-07-17  ,04:01 ,HST ,1.175648
2026-07-17  ,04:16 ,HST ,1.163594
2026-07-17  ,04:31 ,HST ,1.142087
2026-07-17  ,04:46 ,HST ,1.111202
2026-07-17  ,05:01 ,HST ,1.071324
2026-07-17  ,05:16 ,HST ,1.022882
2026-07-17  ,05:31 ,HST ,0.966610
2026-07-17  ,05:46 ,HST ,0.903451
2026-07-17  ,06:01 ,HST ,0.834296
2026-07-17  ,06:16 ,HST ,0.760458
2026-07-17  ,06:31 ,HST ,0.683065
2026-07-17  ,06:46 ,HST ,0.603574
2026-07-17  ,07:01 ,HST ,0.523528
2026-07-17  ,07:16 ,HST ,0.444251
2026-07-17  ,07:31 ,HST ,0.367429
2026-07-17  ,07:46 ,HST ,0.294406
2026-07-17  ,08:01 ,HST ,0.226742
2026-07-17  ,08:16 ,HST ,0.165911
2026-07-17  ,08:31 ,HST ,0.113107
2026-07-17  ,08:46 ,HST ,0.069656
2026-07-17  ,09:01 ,HST ,0.036543
2026-07-17  ,09:16 ,HST ,0.014746
2026-07-17  ,09:31 ,HST ,0.005025
2026-07-17  ,09:46 ,HST ,0.007573
2026-07-17  ,10:01 ,HST ,0.021761
2026-07-17  ,10:16 ,HST ,0.047718
2026-07-17  ,10:31 ,HST ,0.085421
2026-07-17  ,10:46 ,HST ,0.134685
2026-07-17  ,11:01 ,HST ,0.195086
2026-07-17  ,11:16 ,HST ,0.266248
2026-07-17  ,11:31 ,HST ,0.347440
2026-07-17  ,11:46 ,HST ,0.437845
2026-07-17  ,12:01 ,HST ,0.536392
2026-07-17  ,12:16 ,HST ,0.642231
2026-07-17  ,12:31 ,HST ,0.754067
2026-07-17  ,12:46 ,HST ,0.870625
2026-07-17  ,13:01 ,HST ,0.990416
2026-07-17  ,13:16 ,HST ,1.112308
2026-07-17  ,13:31 ,HST ,1.234728
2026-07-17  ,13:46 ,HST ,1.356083
2026-07-17  ,14:01 ,HST ,1.475204
2026-07-17  ,14:16 ,HST ,1.590532
2026-07-17  ,14:31 ,HST ,1.700693
2026-07-17  ,14:46 ,HST ,1.804266
2026-07-17  ,15:01 ,HST ,1.900266
2026-07-17  ,15:16 ,HST ,1.987453
2026-07-17  ,15:31 ,HST ,2.064825
2026-07-17  ,15:46 ,HST ,2.131441
2026-07-17  ,16:01 ,HST ,2.186726
2026-07-17  ,16:16 ,HST ,2.230026
2026-07-17  ,16:31 ,HST ,2.260927
2026-07-17  ,16:46 ,HST ,2.279168
2026-07-17  ,17:01 ,HST ,2.284707
2026-07-17  ,17:16 ,HST ,2.276286
2026-07-17  ,17:31 ,HST ,2.253219
2026-07-17  ,17:46 ,HST ,2.215992
2026-07-17  ,18:01 ,HST ,2.165361
2026-07-17  ,18:16 ,HST ,2.102329
2026-07-17  ,18:31 ,HST ,2.027858
2026-07-17  ,18:46 ,HST ,1.943359
2026-07-17  ,19:01 ,HST ,1.850032
2026-07-17  ,19:16 ,HST ,1.749456
2026-07-17  ,19:31 ,HST ,1.643324
2026-07-17  ,19:46 ,HST ,1.533038
2026-07-17  ,20:01 ,HST ,1.420372
2026-07-17  ,20:16 ,HST ,1.307114
2026-07-17  ,20:31 ,HST ,1.194660
2026-07-17  ,20:46 ,HST ,1.084724
2026-07-17  ,21:01 ,HST ,0.978933
2026-07-17  ,21:16 ,HST ,0.878473
2026-07-17  ,21:31 ,HST ,0.784854
2026-07-17  ,21:46 ,HST ,0.699027
2026-07-17  ,22:01 ,HST ,0.622093
2026-07-17  ,22:16 ,HST ,0.554945
2026-07-17  ,22:31 ,HST ,0.498079
2026-07-17  ,22:46 ,HST ,0.452023
2026-07-17  ,23:01 ,HST ,0.417066
2026-07-17  ,23:16 ,HST ,0.393190
2026-07-17  ,23:31 ,HST ,0.380303
2026-07-17  ,23:46 ,HST ,0.378075
2026-07-18  ,00:01 ,HST ,0.385899
2026-07-18  ,00:16 ,HST ,0.403090
2026-07-18  ,00:31 ,HST ,0.428936
2026-07-18  ,00:46 ,HST ,0.462510
2026-07-18  ,01:01 ,HST ,0.502913
2026-07-18  ,01:16 ,HST ,0.549047
2026-07-18  ,01:31 ,HST ,0.599713
2026-07-18  ,01:46 ,HST ,0.653843
2026-07-18  ,02:01 ,HST ,0.710097
2026-07-18  ,02:16 ,HST ,0.767375
2026-07-18  ,02:31 ,HST ,0.824327
2026-07-18  ,02:46 ,HST ,0.879890
2026-07-18  ,03:01 ,HST ,0.932852
2026-07-18  ,03:16 ,HST ,0.982079
2026-07-18  ,03:31 ,HST ,1.026687
2026-07-18  ,03:46 ,HST ,1.065676
2026-07-18  ,04:01 ,HST ,1.098350
2026-07-18  ,04:16 ,HST ,1.123998
2026-07-18  ,04:31 ,HST ,1.142077
2026-07-18  ,04:46 ,HST ,1.152245
2026-07-18  ,05:01 ,HST ,1.154217
2026-07-18  ,05:16 ,HST ,1.147432
2026-07-18  ,05:31 ,HST ,1.131789
2026-07-18  ,05:46 ,HST ,1.107566
2026-07-18  ,06:01 ,HST ,1.075182
2026-07-18  ,06:16 ,HST ,1.035339
2026-07-18  ,06:31 ,HST ,0.988799
2026-07-18  ,06:46 ,HST ,0.936500
2026-07-18  ,07:01 ,HST ,0.879447
2026-07-18  ,07:16 ,HST ,0.818936
2026-07-18  ,07:31 ,HST ,0.756172
2026-07-18  ,07:46 ,HST ,0.692479
2026-07-18  ,08:01 ,HST ,0.629154
2026-07-18  ,08:16 ,HST ,0.567710
2026-07-18  ,08:31 ,HST ,0.509445
2026-07-18  ,08:46 ,HST ,0.455686
2026-07-18  ,09:01 ,HST ,0.407651
2026-07-18  ,09:16 ,HST ,0.366624
2026-07-18  ,09:31 ,HST ,0.333626
2026-07-18  ,09:46 ,HST ,0.309600
2026-07-18  ,10:01 ,HST ,0.295339
2026-07-18  ,10:16 ,HST ,0.291495
2026-07-18  ,10:31 ,HST ,0.297373
2026-07-18  ,10:46 ,HST ,0.312554
2026-07-18  ,11:01 ,HST ,0.337126
2026-07-18  ,11:16 ,HST ,0.371037
2026-07-18  ,11:31 ,HST ,0.414090
2026-07-18  ,11:46 ,HST ,0.465950
2026-07-18  ,12:01 ,HST ,0.526145
2026-07-18  ,12:16 ,HST ,0.594074
2026-07-18  ,12:31 ,HST ,0.669012
2026-07-18  ,12:46 ,HST ,0.750125
2026-07-18  ,13:01 ,HST ,0.836479
2026-07-18  ,13:16 ,HST ,0.927051
2026-07-18  ,13:31 ,HST ,1.020750
2026-07-18  ,13:46 ,HST ,1.116427
2026-07-18  ,14:01 ,HST ,1.212892
2026-07-18  ,14:16 ,HST ,1.308937
2026-07-18  ,14:31 ,HST ,1.403343
2026-07-18  ,14:46 ,HST ,1.494910
2026-07-18  ,15:01 ,HST ,1.582465
2026-07-18  ,15:16 ,HST ,1.664881
2026-07-18  ,15:31 ,HST ,1.741097
2026-07-18  ,15:46 ,HST ,1.810129
2026-07-18  ,16:01 ,HST ,1.871086
2026-07-18  ,16:16 ,HST ,1.923181
2026-07-18  ,16:31 ,HST ,1.965745
2026-07-18  ,16:46 ,HST ,1.998235
2026-07-18  ,17:01 ,HST ,2.020239
2026-07-18  ,17:16 ,HST ,2.031488
2026-07-18  ,17:31 ,HST ,2.031724
2026-07-18  ,17:46 ,HST ,2.020061
2026-07-18  ,18:01 ,HST ,1.996512
2026-07-18  ,18:16 ,HST ,1.961444
2026-07-18  ,18:31 ,HST ,1.915387
2026-07-18  ,18:46 ,HST ,1.859031
2026-07-18  ,19:01 ,HST ,1.793211
2026-07-18  ,19:16 ,HST ,1.718975
2026-07-18  ,19:31 ,HST ,1.637244
2026-07-18  ,19:46 ,HST ,1.549272
2026-07-18  ,20:01 ,HST ,1.456316
2026-07-18  ,20:16 ,HST ,1.359691
2026-07-18  ,20:31 ,HST ,1.260750
2026-07-18  ,20:46 ,HST ,1.160861
2026-07-18  ,21:01 ,HST ,1.061385
2026-07-18  ,21:16 ,HST ,0.963763
2026-07-18  ,21:31 ,HST ,0.869067
2026-07-18  ,21:46 ,HST ,0.778625
2026-07-18  ,22:01 ,HST ,0.693569
2026-07-18  ,22:16 ,HST ,0.614930
2026-07-18  ,22:31 ,HST ,0.543620
2026-07-18  ,22:46 ,HST ,0.480423
2026-07-18  ,23:01 ,HST ,0.425979
2026-07-18  ,23:16 ,HST ,0.380779
2026-07-18  ,23:31 ,HST ,0.345196
2026-07-18  ,23:46 ,HST ,0.319330
2026-07-19  ,00:01 ,HST ,0.303248
2026-07-19  ,00:16 ,HST ,0.296816
2026-07-19  ,00:31 ,HST ,0.299597
2026-07-19  ,00:46 ,HST ,0.310902
2026-07-19  ,01:01 ,HST ,0.330230
2026-07-19  ,01:16 ,HST ,0.356980
2026-07-19  ,01:31 ,HST ,0.390459
2026-07-19  ,01:46 ,HST ,0.429891
2026-07-19  ,02:01 ,HST ,0.474380
2026-07-19  ,02:16 ,HST ,0.523132
2026-07-19  ,02:31 ,HST ,0.575162
2026-07-19  ,02:46 ,HST ,0.629509
2026-07-19  ,03:01 ,HST ,0.685202
2026-07-19  ,03:16 ,HST ,0.741279
2026-07-19  ,03:31 ,HST ,0.796733
2026-07-19  ,03:46 ,HST ,0.850788
2026-07-19  ,04:01 ,HST ,0.902521
2026-07-19  ,04:16 ,HST ,0.951138
2026-07-19  ,04:31 ,HST ,0.995920
2026-07-19  ,04:46 ,HST ,1.036230
2026-07-19  ,05:01 ,HST ,1.071490
2026-07-19  ,05:16 ,HST ,1.101340
2026-07-19  ,05:31 ,HST ,1.125401
2026-07-19  ,05:46 ,HST ,1.143452
2026-07-19  ,06:01 ,HST ,1.155381
2026-07-19  ,06:16 ,HST ,1.161190
2026-07-19  ,06:31 ,HST ,1.160539
2026-07-19  ,06:46 ,HST ,1.151266
2026-07-19  ,07:01 ,HST ,1.133558
2026-07-19  ,07:16 ,HST ,1.108182
2026-07-19  ,07:31 ,HST ,1.075972
2026-07-19  ,07:46 ,HST ,1.037983
2026-07-19  ,08:01 ,HST ,0.995408
2026-07-19  ,08:16 ,HST ,0.949399
2026-07-19  ,08:31 ,HST ,0.901363
2026-07-19  ,08:46 ,HST ,0.852552
2026-07-19  ,09:01 ,HST ,0.804391
2026-07-19  ,09:16 ,HST ,0.758293
2026-07-19  ,09:31 ,HST ,0.715486
2026-07-19  ,09:46 ,HST ,0.677291
2026-07-19  ,10:01 ,HST ,0.644919
2026-07-19  ,10:16 ,HST ,0.619375
2026-07-19  ,10:31 ,HST ,0.601655
2026-07-19  ,10:46 ,HST ,0.592517
2026-07-19  ,11:01 ,HST ,0.592228
2026-07-19  ,11:16 ,HST ,0.598934
2026-07-19  ,11:31 ,HST ,0.612461
2026-07-19  ,11:46 ,HST ,0.632847
2026-07-19  ,12:01 ,HST ,0.660089
2026-07-19  ,12:16 ,HST ,0.694004
2026-07-19  ,12:31 ,HST ,0.734260
2026-07-19  ,12:46 ,HST ,0.780560
2026-07-19  ,13:01 ,HST ,0.832364
2026-07-19  ,13:16 ,HST ,0.889012
2026-07-19  ,13:31 ,HST ,0.949947
2026-07-19  ,13:46 ,HST ,1.014345
2026-07-19  ,14:01 ,HST ,1.081296
2026-07-19  ,14:16 ,HST ,1.150063
2026-07-19  ,14:31 ,HST ,1.219641
2026-07-19  ,14:46 ,HST ,1.288988
2026-07-19  ,15:01 ,HST ,1.357289
2026-07-19  ,15:16 ,HST ,1.423486
2026-07-19  ,15:31 ,HST ,1.486546
2026-07-19  ,15:46 ,HST ,1.545680
2026-07-19  ,16:01 ,HST ,1.599920
2026-07-19  ,16:16 ,HST ,1.648379
2026-07-19  ,16:31 ,HST ,1.690397
2026-07-19  ,16:46 ,HST ,1.725227
2026-07-19  ,17:01 ,HST ,1.752242
2026-07-19  ,17:16 ,HST ,1.771002
2026-07-19  ,17:31 ,HST ,1.781077
2026-07-19  ,17:46 ,HST ,1.782203
2026-07-19  ,18:01 ,HST ,1.774391
2026-07-19  ,18:16 ,HST ,1.757662
2026-07-19  ,18:31 ,HST ,1.732067
2026-07-19  ,18:46 ,HST ,1.697834
2026-07-19  ,19:01 ,HST ,1.655356
2026-07-19  ,19:16 ,HST ,1.605001
2026-07-19  ,19:31 ,HST ,1.547384
2026-07-19  ,19:46 ,HST ,1.483259
2026-07-19  ,20:01 ,HST ,1.413258
2026-07-19  ,20:16 ,HST ,1.338303
2026-07-19  ,20:31 ,HST ,1.259405
2026-07-19  ,20:46 ,HST ,1.177371
2026-07-19  ,21:01 ,HST ,1.093304
2026-07-19  ,21:16 ,HST ,1.008340
2026-07-19  ,21:31 ,HST ,0.923347
2026-07-19  ,21:46 ,HST ,0.839461
2026-07-19  ,22:01 ,HST ,0.757792
2026-07-19  ,22:16 ,HST ,0.679149
2026-07-19  ,22:31 ,HST ,0.604555
2026-07-19  ,22:46 ,HST ,0.534952
2026-07-19  ,23:01 ,HST ,0.470979
2026-07-19  ,23:16 ,HST ,0.413476
2026-07-19  ,23:31 ,HST ,0.362924
2026-07-19  ,23:46 ,HST ,0.319888
2026-07-20  ,00:01 ,HST ,0.284791
2026-07-20  ,00:16 ,HST ,0.257829
2026-07-20  ,00:31 ,HST ,0.239200
2026-07-20  ,00:46 ,HST ,0.228948
2026-07-20  ,01:01 ,HST ,0.226951
2026-07-20  ,01:16 ,HST ,0.232640
2026-07-20  ,01:31 ,HST ,0.245583
2026-07-20  ,01:46 ,HST ,0.265430
2026-07-20  ,02:01 ,HST ,0.291753
2026-07-20  ,02:16 ,HST ,0.324049
2026-07-20  ,02:31 ,HST ,0.361752
2026-07-20  ,02:46 ,HST ,0.404243
2026-07-20  ,03:01 ,HST ,0.450857
2026-07-20  ,03:16 ,HST ,0.500896
2026-07-20  ,03:31 ,HST ,0.553636
2026-07-20  ,03:46 ,HST ,0.608344
2026-07-20  ,04:01 ,HST ,0.664282
2026-07-20  ,04:16 ,HST ,0.720787
2026-07-20  ,04:31 ,HST ,0.777022
2026-07-20  ,04:46 ,HST ,0.832373
2026-07-20  ,05:01 ,HST ,0.886198
2026-07-20  ,05:16 ,HST ,0.937905
2026-07-20  ,05:31 ,HST ,0.986955
2026-07-20  ,05:46 ,HST ,1.032873
2026-07-20  ,06:01 ,HST ,1.075250
2026-07-20  ,06:16 ,HST ,1.113748
2026-07-20  ,06:31 ,HST ,1.148104
2026-07-20  ,06:46 ,HST ,1.178136
2026-07-20  ,07:01 ,HST ,1.203735
2026-07-20  ,07:16 ,HST ,1.224874
2026-07-20  ,07:31 ,HST ,1.241600
2026-07-20  ,07:46 ,HST ,1.254035
2026-07-20  ,08:01 ,HST ,1.262369
2026-07-20  ,08:16 ,HST ,1.266858
2026-07-20  ,08:31 ,HST ,1.267578
2026-07-20  ,08:46 ,HST ,1.258269
2026-07-20  ,09:01 ,HST ,1.237465
2026-07-20  ,09:16 ,HST ,1.207243
2026-07-20  ,09:31 ,HST ,1.169809
2026-07-20  ,09:46 ,HST ,1.127410
2026-07-20  ,10:01 ,HST ,1.082459
2026-07-20  ,10:16 ,HST ,1.037226
2026-07-20  ,10:31 ,HST ,0.993956
2026-07-20  ,10:46 ,HST ,0.954749
2026-07-20  ,11:01 ,HST ,0.921671
2026-07-20  ,11:16 ,HST ,0.896468
2026-07-20  ,11:31 ,HST ,0.880699
2026-07-20  ,11:46 ,HST ,0.875647
2026-07-20  ,12:01 ,HST ,0.878159
2026-07-20  ,12:16 ,HST ,0.885321
2026-07-20  ,12:31 ,HST ,0.897294
2026-07-20  ,12:46 ,HST ,0.914088
2026-07-20  ,13:01 ,HST ,0.935647
2026-07-20  ,13:16 ,HST ,0.961800
2026-07-20  ,13:31 ,HST ,0.992271
2026-07-20  ,13:46 ,HST ,1.026730
2026-07-20  ,14:01 ,HST ,1.064630
2026-07-20  ,14:16 ,HST ,1.105457
2026-07-20  ,14:31 ,HST ,1.148582
2026-07-20  ,14:46 ,HST ,1.193309
2026-07-20  ,15:01 ,HST ,1.238936
2026-07-20  ,15:16 ,HST ,1.284560
2026-07-20  ,15:31 ,HST ,1.329401
2026-07-20  ,15:46 ,HST ,1.372608
2026-07-20  ,16:01 ,HST ,1.413370
2026-07-20  ,16:16 ,HST ,1.450741
2026-07-20  ,16:31 ,HST ,1.483939
2026-07-20  ,16:46 ,HST ,1.512170
2026-07-20  ,17:01 ,HST ,1.534681
2026-07-20  ,17:16 ,HST ,1.550797
2026-07-20  ,17:31 ,HST ,1.559857
2026-07-20  ,17:46 ,HST ,1.561466
2026-07-20  ,18:01 ,HST ,1.557087
2026-07-20  ,18:16 ,HST ,1.547104
2026-07-20  ,18:31 ,HST ,1.531324
2026-07-20  ,18:46 ,HST ,1.509664
2026-07-20  ,19:01 ,HST ,1.482117
2026-07-20  ,19:16 ,HST ,1.448800
2026-07-20  ,19:31 ,HST ,1.409803
2026-07-20  ,19:46 ,HST ,1.365406
2026-07-20  ,20:01 ,HST ,1.315935
2026-07-20  ,20:16 ,HST ,1.261856
2026-07-20  ,20:31 ,HST ,1.203525
2026-07-20  ,20:46 ,HST ,1.141540
2026-07-20  ,21:01 ,HST ,1.076500
2026-07-20  ,21:16 ,HST ,1.009129
2026-07-20  ,21:31 ,HST ,0.939969
2026-07-20  ,21:46 ,HST ,0.869816
2026-07-20  ,22:01 ,HST ,0.799413
2026-07-20  ,22:16 ,HST ,0.729591
2026-07-20  ,22:31 ,HST ,0.660956
2026-07-20  ,22:46 ,HST ,0.594331
2026-07-20  ,23:01 ,HST ,0.530445
2026-07-20  ,23:16 ,HST ,0.470061
2026-07-20  ,23:31 ,HST ,0.413707
2026-07-20  ,23:46 ,HST ,0.362064
2026-07-21  ,00:01 ,HST ,0.315689
2026-07-21  ,00:16 ,HST ,0.275117
2026-07-21  ,00:31 ,HST ,0.240685
2026-07-21  ,00:46 ,HST ,0.212792
2026-07-21  ,01:01 ,HST ,0.191708
2026-07-21  ,01:16 ,HST ,0.177626
2026-07-21  ,01:31 ,HST ,0.170657
2026-07-21  ,01:46 ,HST ,0.170730
2026-07-21  ,02:01 ,HST ,0.177378
2026-07-21  ,02:16 ,HST ,0.190398
2026-07-21  ,02:31 ,HST ,0.209604
2026-07-21  ,02:46 ,HST ,0.234779
2026-07-21  ,03:01 ,HST ,0.265554
2026-07-21  ,03:16 ,HST ,0.301591
2026-07-21  ,03:31 ,HST ,0.342475
2026-07-21  ,03:46 ,HST ,0.387803
2026-07-21  ,04:01 ,HST ,0.436978
2026-07-21  ,04:16 ,HST ,0.489525
2026-07-21  ,04:31 ,HST ,0.544895
2026-07-21  ,04:46 ,HST ,0.602591
2026-07-21  ,05:01 ,HST ,0.661911
2026-07-21  ,05:16 ,HST ,0.722344
2026-07-21  ,05:31 ,HST ,0.783322
2026-07-21  ,05:46 ,HST ,0.844360
2026-07-21  ,06:01 ,HST ,0.904782
2026-07-21  ,06:16 ,HST ,0.964147
2026-07-21  ,06:31 ,HST ,1.021974
2026-07-21  ,06:46 ,HST ,1.077885
2026-07-21  ,07:01 ,HST ,1.131347
2026-07-21  ,07:16 ,HST ,1.182070
2026-07-21  ,07:31 ,HST ,1.229743
2026-07-21  ,07:46 ,HST ,1.274155
2026-07-21  ,08:01 ,HST ,1.314999
2026-07-21  ,08:16 ,HST ,1.352171
2026-07-21  ,08:31 ,HST ,1.385572
2026-07-21  ,08:46 ,HST ,1.415182
2026-07-21  ,09:01 ,HST ,1.440937
2026-07-21  ,09:16 ,HST ,1.462923
2026-07-21  ,09:31 ,HST ,1.481236
2026-07-21  ,09:46 ,HST ,1.496031
2026-07-21  ,10:01 ,HST ,1.507452
2026-07-21  ,10:16 ,HST ,1.515730
2026-07-21  ,10:31 ,HST ,1.521107
2026-07-21  ,10:46 ,HST ,1.523849
2026-07-21  ,11:01 ,HST ,1.524230
2026-07-21  ,11:16 ,HST ,1.522481
2026-07-21  ,11:31 ,HST ,1.518910
2026-07-21  ,11:46 ,HST ,1.513845
2026-07-21  ,12:01 ,HST ,1.507618
2026-07-21  ,12:16 ,HST ,1.500556
2026-07-21  ,12:31 ,HST ,1.492946
2026-07-21  ,12:46 ,HST ,1.485077
2026-07-21  ,13:01 ,HST ,1.477210
2026-07-21  ,13:16 ,HST ,1.469553
2026-07-21  ,13:31 ,HST ,1.462299
2026-07-21  ,13:46 ,HST ,1.455607
2026-07-21  ,14:01 ,HST ,1.449571
2026-07-21  ,14:16 ,HST ,1.444265
2026-07-21  ,14:31 ,HST ,1.439719
2026-07-21  ,14:46 ,HST ,1.435903
2026-07-21  ,15:01 ,HST ,1.432764
2026-07-21  ,15:16 ,HST ,1.430202
2026-07-21  ,15:31 ,HST ,1.428073
2026-07-21  ,15:46 ,HST ,1.426206
2026-07-21  ,16:01 ,HST ,1.424397
2026-07-21  ,16:16 ,HST ,1.422409
2026-07-21  ,16:31 ,HST ,1.419989
2026-07-21  ,16:46 ,HST ,1.416866
2026-07-21  ,17:01 ,HST ,1.412749
2026-07-21  ,17:16 ,HST ,1.407348
2026-07-21  ,17:31 ,HST ,1.400382
2026-07-21  ,17:46 ,HST ,1.391548
2026-07-21  ,18:01 ,HST ,1.380579
2026-07-21  ,18:16 ,HST ,1.367232
2026-07-21  ,18:31 ,HST ,1.351247
2026-07-21  ,18:46 ,HST ,1.332429
2026-07-21  ,19:01 ,HST ,1.310632
2026-07-21  ,19:16 ,HST ,1.285675
2026-07-21  ,19:31 ,HST ,1.257486
2026-07-21  ,19:46 ,HST ,1.226055
2026-07-21  ,20:01 ,HST ,1.191312
2026-07-21  ,20:16 ,HST ,1.153341
2026-07-21  ,20:31 ,HST ,1.112288
2026-07-21  ,20:46 ,HST ,1.068216
2026-07-21  ,21:01 ,HST ,1.021370
2026-07-21  ,21:16 ,HST ,0.972059
2026-07-21  ,21:31 ,HST ,0.920475
2026-07-21  ,21:46 ,HST ,0.867017
2026-07-21  ,22:01 ,HST ,0.812134
2026-07-21  ,22:16 ,HST ,0.756130
2026-07-21  ,22:31 ,HST ,0.699526
2026-07-21  ,22:46 ,HST ,0.642869
2026-07-21  ,23:01 ,HST ,0.586544
2026-07-21  ,23:16 ,HST ,0.531140
2026-07-21  ,23:31 ,HST ,0.477193
2026-07-21  ,23:46 ,HST ,0.425297
2026-07-22  ,00:01 ,HST ,0.375874
2026-07-22  ,00:16 ,HST ,0.329506
2026-07-22  ,00:31 ,HST ,0.286747
2026-07-22  ,00:46 ,HST ,0.247987
2026-07-22  ,01:01 ,HST ,0.213727
2026-07-22  ,01:16 ,HST ,0.184415
2026-07-22  ,01:31 ,HST ,0.160363
2026-07-22  ,01:46 ,HST ,0.141932
2026-07-22  ,02:01 ,HST ,0.129410
2026-07-22  ,02:16 ,HST ,0.122991
2026-07-22  ,02:31 ,HST ,0.122803
2026-07-22  ,02:46 ,HST ,0.128634
2026-07-22  ,03:01 ,HST ,0.140466
2026-07-22  ,03:16 ,HST ,0.158251
2026-07-22  ,03:31 ,HST ,0.181954
2026-07-22  ,03:46 ,HST ,0.211422
2026-07-22  ,04:01 ,HST ,0.246423
2026-07-22  ,04:16 ,HST ,0.286793
2026-07-22  ,04:31 ,HST ,0.332203
2026-07-22  ,04:46 ,HST ,0.382310
2026-07-22  ,05:01 ,HST ,0.436665
2026-07-22  ,05:16 ,HST ,0.494967
2026-07-22  ,05:31 ,HST ,0.556695
2026-07-22  ,05:46 ,HST ,0.621284
2026-07-22  ,06:01 ,HST ,0.688364
2026-07-22  ,06:16 ,HST ,0.757330
2026-07-22  ,06:31 ,HST ,0.827632
2026-07-22  ,06:46 ,HST ,0.898635
2026-07-22  ,07:01 ,HST ,0.969943
2026-07-22  ,07:16 ,HST ,1.040924
2026-07-22  ,07:31 ,HST ,1.110958
2026-07-22  ,07:46 ,HST ,1.179681
2026-07-22  ,08:01 ,HST ,1.246510
2026-07-22  ,08:16 ,HST ,1.310897
2026-07-22  ,08:31 ,HST ,1.372547
2026-07-22  ,08:46 ,HST ,1.430979
2026-07-22  ,09:01 ,HST ,1.485827
2026-07-22  ,09:16 ,HST ,1.536712
2026-07-22  ,09:31 ,HST ,1.583475
2026-07-22  ,09:46 ,HST ,1.625829
2026-07-22  ,10:01 ,HST ,1.663555
2026-07-22  ,10:16 ,HST ,1.696615
2026-07-22  ,10:31 ,HST ,1.724886
2026-07-22  ,10:46 ,HST ,1.748322
2026-07-22  ,11:01 ,HST ,1.766999
2026-07-22  ,11:16 ,HST ,1.780961
2026-07-22  ,11:31 ,HST ,1.790326
2026-07-22  ,11:46 ,HST ,1.795251
2026-07-22  ,12:01 ,HST ,1.795935
2026-07-22  ,12:16 ,HST ,1.792453
2026-07-22  ,12:31 ,HST ,1.785044
2026-07-22  ,12:46 ,HST ,1.774038
2026-07-22  ,13:01 ,HST ,1.759751
2026-07-22  ,13:16 ,HST ,1.742551
2026-07-22  ,13:31 ,HST ,1.722807
2026-07-22  ,13:46 ,HST ,1.700917
2026-07-22  ,14:01 ,HST ,1.677204
2026-07-22  ,14:16 ,HST ,1.652055
2026-07-22  ,14:31 ,HST ,1.625824
2026-07-22  ,14:46 ,HST ,1.598841
2026-07-22  ,15:01 ,HST ,1.571449
2026-07-22  ,15:16 ,HST ,1.543867
2026-07-22  ,15:31 ,HST ,1.516375
2026-07-22  ,15:46 ,HST ,1.489187
2026-07-22  ,16:01 ,HST ,1.462510
2026-07-22  ,16:16 ,HST ,1.436420
2026-07-22  ,16:31 ,HST ,1.411044
2026-07-22  ,16:46 ,HST ,1.386434
2026-07-22  ,17:01 ,HST ,1.362603
2026-07-22  ,17:16 ,HST ,1.339550
2026-07-22  ,17:31 ,HST ,1.317158
2026-07-22  ,17:46 ,HST ,1.295351
2026-07-22  ,18:01 ,HST ,1.273995
2026-07-22  ,18:16 ,HST ,1.252952
2026-07-22  ,18:31 ,HST ,1.231988
2026-07-22  ,18:46 ,HST ,1.210921
2026-07-22  ,19:01 ,HST ,1.189532
2026-07-22  ,19:16 ,HST ,1.167591
2026-07-22  ,19:31 ,HST ,1.144894
2026-07-22  ,19:46 ,HST ,1.121164
2026-07-22  ,20:01 ,HST ,1.096208
2026-07-22  ,20:16 ,HST ,1.069824
2026-07-22  ,20:31 ,HST ,1.041831
2026-07-22  ,20:46 ,HST ,1.012107
2026-07-22  ,21:01 ,HST ,0.980466
2026-07-22  ,21:16 ,HST ,0.946851
2026-07-22  ,21:31 ,HST ,0.911218
2026-07-22  ,21:46 ,HST ,0.873606
2026-07-22  ,22:01 ,HST ,0.833976
2026-07-22  ,22:16 ,HST ,0.792461
2026-07-22  ,22:31 ,HST ,0.749203
2026-07-22  ,22:46 ,HST ,0.704393
2026-07-22  ,23:01 ,HST ,0.658324
2026-07-22  ,23:16 ,HST ,0.611183
2026-07-22  ,23:31 ,HST ,0.563354
2026-07-22  ,23:46 ,HST ,0.515213
2026-07-23  ,00:01 ,HST ,0.467228
2026-07-23  ,00:16 ,HST ,0.419742
2026-07-23  ,00:31 ,HST ,0.373284
2026-07-23  ,00:46 ,HST ,0.328353
2026-07-23  ,01:01 ,HST ,0.285464
2026-07-23  ,01:16 ,HST ,0.245183
2026-07-23  ,01:31 ,HST ,0.207946
2026-07-23  ,01:46 ,HST ,0.174316
2026-07-23  ,02:01 ,HST ,0.144798
2026-07-23  ,02:16 ,HST ,0.119874
2026-07-23  ,02:31 ,HST ,0.100015
2026-07-23  ,02:46 ,HST ,0.085594
2026-07-23  ,03:01 ,HST ,0.077008
2026-07-23  ,03:16 ,HST ,0.074575
2026-07-23  ,03:31 ,HST ,0.078311
2026-07-23  ,03:46 ,HST ,0.088242
2026-07-23  ,04:01 ,HST ,0.104496
2026-07-23  ,04:16 ,HST ,0.127139
2026-07-23  ,04:31 ,HST ,0.156210
2026-07-23  ,04:46 ,HST ,0.191582
2026-07-23  ,05:01 ,HST ,0.233155
2026-07-23  ,05:16 ,HST ,0.280737
2026-07-23  ,05:31 ,HST ,0.334066
2026-07-23  ,05:46 ,HST ,0.392823
2026-07-23  ,06:01 ,HST ,0.456699
2026-07-23  ,06:16 ,HST ,0.525109
2026-07-23  ,06:31 ,HST ,0.597632
2026-07-23  ,06:46 ,HST ,0.673727
2026-07-23  ,07:01 ,HST ,0.752814
2026-07-23  ,07:16 ,HST ,0.834367
2026-07-23  ,07:31 ,HST ,0.917557
2026-07-23  ,07:46 ,HST ,1.001806
2026-07-23  ,08:01 ,HST ,1.086434
2026-07-23  ,08:16 ,HST ,1.170753
2026-07-23  ,08:31 ,HST ,1.254171
2026-07-23  ,08:46 ,HST ,1.335822
2026-07-23  ,09:01 ,HST ,1.415145
2026-07-23  ,09:16 ,HST ,1.491506
2026-07-23  ,09:31 ,HST ,1.564306
2026-07-23  ,09:46 ,HST ,1.633061
2026-07-23  ,10:01 ,HST ,1.697100
2026-07-23  ,10:16 ,HST ,1.756042
2026-07-23  ,10:31 ,HST ,1.809483
2026-07-23  ,10:46 ,HST ,1.857080
2026-07-23  ,11:01 ,HST ,1.898600
2026-07-23  ,11:16 ,HST ,1.933737
2026-07-23  ,11:31 ,HST ,1.962403
2026-07-23  ,11:46 ,HST ,1.984528
2026-07-23  ,12:01 ,HST ,2.000113
2026-07-23  ,12:16 ,HST ,2.009228
2026-07-23  ,12:31 ,HST ,2.012009
2026-07-23  ,12:46 ,HST ,2.008468
2026-07-23  ,13:01 ,HST ,1.998752
2026-07-23  ,13:16 ,HST ,1.983188
2026-07-23  ,13:31 ,HST ,1.962215
2026-07-23  ,13:46 ,HST ,1.936242
2026-07-23  ,14:01 ,HST ,1.905821
2026-07-23  ,14:16 ,HST ,1.871414
2026-07-23  ,14:31 ,HST ,1.833608
2026-07-23  ,14:46 ,HST ,1.793017
2026-07-23  ,15:01 ,HST ,1.750130
2026-07-23  ,15:16 ,HST ,1.705611
2026-07-23  ,15:31 ,HST ,1.659926
2026-07-23  ,15:46 ,HST ,1.613664
2026-07-23  ,16:01 ,HST ,1.567389
2026-07-23  ,16:16 ,HST ,1.521477
2026-07-23  ,16:31 ,HST ,1.476461
2026-07-23  ,16:46 ,HST ,1.432627
2026-07-23  ,17:01 ,HST ,1.390402
2026-07-23  ,17:16 ,HST ,1.349965
2026-07-23  ,17:31 ,HST ,1.311575
2026-07-23  ,17:46 ,HST ,1.275416
2026-07-23  ,18:01 ,HST ,1.241493
2026-07-23  ,18:16 ,HST ,1.209899
2026-07-23  ,18:31 ,HST ,1.180520
2026-07-23  ,18:46 ,HST ,1.153291
2026-07-23  ,19:01 ,HST ,1.128077
2026-07-23  ,19:16 ,HST ,1.104614
2026-07-23  ,19:31 ,HST ,1.082698
2026-07-23  ,19:46 ,HST ,1.061985
2026-07-23  ,20:01 ,HST ,1.042197
2026-07-23  ,20:16 ,HST ,1.022939
2026-07-23  ,20:31 ,HST ,1.003869
2026-07-23  ,20:46 ,HST ,0.984637
2026-07-23  ,21:01 ,HST ,0.964833
2026-07-23  ,21:16 ,HST ,0.944143
2026-07-23  ,21:31 ,HST ,0.922186
2026-07-23  ,21:46 ,HST ,0.898676
2026-07-23  ,22:01 ,HST ,0.873371
2026-07-23  ,22:16 ,HST ,0.845988
2026-07-23  ,22:31 ,HST ,0.816413
2026-07-23  ,22:46 ,HST ,0.784463
2026-07-23  ,23:01 ,HST ,0.750150
2026-07-23  ,23:16 ,HST ,0.713409
2026-07-23  ,23:31 ,HST ,0.674354
2026-07-23  ,23:46 ,HST ,0.633176
2026-07-24  ,00:01 ,HST ,0.590004
2026-07-24  ,00:16 ,HST ,0.545215
2026-07-24  ,00:31 ,HST ,0.499063
2026-07-24  ,00:46 ,HST ,0.452010
2026-07-24  ,01:01 ,HST ,0.404581
2026-07-24  ,01:16 ,HST ,0.357193
2026-07-24  ,01:31 ,HST ,0.310518
2026-07-24  ,01:46 ,HST ,0.265056
2026-07-24  ,02:01 ,HST ,0.221538
2026-07-24  ,02:16 ,HST ,0.180516
2026-07-24  ,02:31 ,HST ,0.142696
2026-07-24  ,02:46 ,HST ,0.108769
2026-07-24  ,03:01 ,HST ,0.079298
2026-07-24  ,03:16 ,HST ,0.054964
2026-07-24  ,03:31 ,HST ,0.036292
2026-07-24  ,03:46 ,HST ,0.023848
2026-07-24  ,04:01 ,HST ,0.018114
2026-07-24  ,04:16 ,HST ,0.019383
2026-07-24  ,04:31 ,HST ,0.027648
2026-07-24  ,04:46 ,HST ,0.043148
2026-07-24  ,05:01 ,HST ,0.066011
2026-07-24  ,05:16 ,HST ,0.096372
2026-07-24  ,05:31 ,HST ,0.134163
2026-07-24  ,05:46 ,HST ,0.179329
2026-07-24  ,06:01 ,HST ,0.231761
2026-07-24  ,06:16 ,HST ,0.291082
2026-07-24  ,06:31 ,HST ,0.357082
2026-07-24  ,06:46 ,HST ,0.429188
2026-07-24  ,07:01 ,HST ,0.507058
2026-07-24  ,07:16 ,HST ,0.589939
2026-07-24  ,07:31 ,HST ,0.677373
2026-07-24  ,07:46 ,HST ,0.768460
2026-07-24  ,08:01 ,HST ,0.862541
2026-07-24  ,08:16 ,HST ,0.958930
2026-07-24  ,08:31 ,HST ,1.056575
2026-07-24  ,08:46 ,HST ,1.154844
2026-07-24  ,09:01 ,HST ,1.252645
2026-07-24  ,09:16 ,HST ,1.349333
2026-07-24  ,09:31 ,HST ,1.443826
2026-07-24  ,09:46 ,HST ,1.535399
2026-07-24  ,10:01 ,HST ,1.623339
2026-07-24  ,10:16 ,HST ,1.706680
2026-07-24  ,10:31 ,HST ,1.784893
2026-07-24  ,10:46 ,HST ,1.857142
2026-07-24  ,11:01 ,HST ,1.923002
2026-07-24  ,11:16 ,HST ,1.981808
2026-07-24  ,11:31 ,HST ,2.033208
2026-07-24  ,11:46 ,HST ,2.076899
2026-07-24  ,12:01 ,HST ,2.112528
2026-07-24  ,12:16 ,HST ,2.140013
2026-07-24  ,12:31 ,HST ,2.159223
2026-07-24  ,12:46 ,HST ,2.170229
2026-07-24  ,13:01 ,HST ,2.173121
2026-07-24  ,13:16 ,HST ,2.167858
2026-07-24  ,13:31 ,HST ,2.154580
2026-07-24  ,13:46 ,HST ,2.133732
2026-07-24  ,14:01 ,HST ,2.105803
2026-07-24  ,14:16 ,HST ,2.071327
2026-07-24  ,14:31 ,HST ,2.031020
2026-07-24  ,14:46 ,HST ,1.985542
2026-07-24  ,15:01 ,HST ,1.935573
2026-07-24  ,15:16 ,HST ,1.881993
2026-07-24  ,15:31 ,HST ,1.825470
2026-07-24  ,15:46 ,HST ,1.766923
2026-07-24  ,16:01 ,HST ,1.707075
2026-07-24  ,16:16 ,HST ,1.646626
2026-07-24  ,16:31 ,HST ,1.586442
2026-07-24  ,16:46 ,HST ,1.527149
2026-07-24  ,17:01 ,HST ,1.469322
2026-07-24  ,17:16 ,HST ,1.413665
2026-07-24  ,17:31 ,HST ,1.360616
2026-07-24  ,17:46 ,HST ,1.310549
2026-07-24  ,18:01 ,HST ,1.263916
2026-07-24  ,18:16 ,HST ,1.220869
2026-07-24  ,18:31 ,HST ,1.181669
2026-07-24  ,18:46 ,HST ,1.146338
2026-07-24  ,19:01 ,HST ,1.114826
2026-07-24  ,19:16 ,HST ,1.087098
2026-07-24  ,19:31 ,HST ,1.062927
2026-07-24  ,19:46 ,HST ,1.042024
2026-07-24  ,20:01 ,HST ,1.024096
2026-07-24  ,20:16 ,HST ,1.008698
2026-07-24  ,20:31 ,HST ,0.995408
2026-07-24  ,20:46 ,HST ,0.983707
2026-07-24  ,21:01 ,HST ,0.973050
2026-07-24  ,21:16 ,HST ,0.962907
2026-07-24  ,21:31 ,HST ,0.952703
2026-07-24  ,21:46 ,HST ,0.941869
2026-07-24  ,22:01 ,HST ,0.929886
2026-07-24  ,22:16 ,HST ,0.916229
2026-07-24  ,22:31 ,HST ,0.900409
2026-07-24  ,22:46 ,HST ,0.882036
2026-07-24  ,23:01 ,HST ,0.860712
2026-07-24  ,23:16 ,HST ,0.836192
2026-07-24  ,23:31 ,HST ,0.808246
2026-07-24  ,23:46 ,HST ,0.776710
2026-07-25  ,00:01 ,HST ,0.741618
2026-07-25  ,00:16 ,HST ,0.702996
2026-07-25  ,00:31 ,HST ,0.660948
2026-07-25  ,00:46 ,HST ,0.615815
2026-07-25  ,01:01 ,HST ,0.567839
2026-07-25  ,01:16 ,HST ,0.517556
2026-07-25  ,01:31 ,HST ,0.465431
2026-07-25  ,01:46 ,HST ,0.411998
2026-07-25  ,02:01 ,HST ,0.358035
2026-07-25  ,02:16 ,HST ,0.304208
2026-07-25  ,02:31 ,HST ,0.251229
2026-07-25  ,02:46 ,HST ,0.200022
2026-07-25  ,03:01 ,HST ,0.151358
2026-07-25  ,03:16 ,HST ,0.106029
2026-07-25  ,03:31 ,HST ,0.064973
2026-07-25  ,03:46 ,HST ,0.028919
2026-07-25  ,04:01 ,HST ,-0.001269
2026-07-25  ,04:16 ,HST ,-0.024894
2026-07-25  ,04:31 ,HST ,-0.041291
2026-07-25  ,04:46 ,HST ,-0.049818
2026-07-25  ,05:01 ,HST ,-0.050038
2026-07-25  ,05:16 ,HST ,-0.041945
2026-07-25  ,05:31 ,HST ,-0.025312
2026-07-25  ,05:46 ,HST ,0.000023
2026-07-25  ,06:01 ,HST ,0.034213
2026-07-25  ,06:16 ,HST ,0.077222
2026-07-25  ,06:31 ,HST ,0.128865
2026-07-25  ,06:46 ,HST ,0.189030
2026-07-25  ,07:01 ,HST ,0.257322
2026-07-25  ,07:16 ,HST ,0.333206
2026-07-25  ,07:31 ,HST ,0.416307
2026-07-25  ,07:46 ,HST ,0.505900
2026-07-25  ,08:01 ,HST ,0.601140
2026-07-25  ,08:16 ,HST ,0.701432
2026-07-25  ,08:31 ,HST ,0.805788
2026-07-25  ,08:46 ,HST ,0.913141
2026-07-25  ,09:01 ,HST ,1.022744
2026-07-25  ,09:16 ,HST ,1.133452
2026-07-25  ,09:31 ,HST ,1.244091
2026-07-25  ,09:46 ,HST ,1.353858
2026-07-25  ,10:01 ,HST ,1.461577
2026-07-25  ,10:16 ,HST ,1.566100
2026-07-25  ,10:31 ,HST ,1.666669
2026-07-25  ,10:46 ,HST ,1.762212
2026-07-25  ,11:01 ,HST ,1.851739
2026-07-25  ,11:16 ,HST ,1.934633
2026-07-25  ,11:31 ,HST ,2.010051
2026-07-25  ,11:46 ,HST ,2.077272
2026-07-25  ,12:01 ,HST ,2.135902
2026-07-25  ,12:16 ,HST ,2.185419
2026-07-25  ,12:31 ,HST ,2.225452
2026-07-25  ,12:46 ,HST ,2.255879
2026-07-25  ,13:01 ,HST ,2.276554
2026-07-25  ,13:16 ,HST ,2.287492
2026-07-25  ,13:31 ,HST ,2.288677
2026-07-25  ,13:46 ,HST ,2.278333
2026-07-25  ,14:01 ,HST ,2.256341
2026-07-25  ,14:16 ,HST ,2.223348
2026-07-25  ,14:31 ,HST ,2.180183
2026-07-25  ,14:46 ,HST ,2.127648
2026-07-25  ,15:01 ,HST ,2.066785
2026-07-25  ,15:16 ,HST ,1.998759
2026-07-25  ,15:31 ,HST ,1.924575
2026-07-25  ,15:46 ,HST ,1.845507
2026-07-25  ,16:01 ,HST ,1.762878
2026-07-25  ,16:16 ,HST ,1.677747
2026-07-25  ,16:31 ,HST ,1.591427
2026-07-25  ,16:46 ,HST ,1.505204
2026-07-25  ,17:01 ,HST ,1.420029
2026-07-25  ,17:16 ,HST ,1.337064
2026-07-25  ,17:31 ,HST ,1.257375
2026-07-25  ,17:46 ,HST ,1.181664
2026-07-25  ,18:01 ,HST ,1.110780
2026-07-25  ,18:16 ,HST ,1.045354
2026-07-25  ,18:31 ,HST ,0.985941
2026-07-25  ,18:46 ,HST ,0.932764
2026-07-25  ,19:01 ,HST ,0.886096
2026-07-25  ,19:16 ,HST ,0.846031
2026-07-25  ,19:31 ,HST ,0.812394
2026-07-25  ,19:46 ,HST ,0.784998
2026-07-25  ,20:01 ,HST ,0.763498
2026-07-25  ,20:16 ,HST ,0.747353
2026-07-25  ,20:31 ,HST ,0.735984
2026-07-25  ,20:46 ,HST ,0.728689
2026-07-25  ,21:01 ,HST ,0.724663
2026-07-25  ,21:16 ,HST ,0.723056
2026-07-25  ,21:31 ,HST ,0.738586
2026-07-25  ,21:46 ,HST ,0.844086
2026-07-25  ,22:01 ,HST ,0.949146
2026-07-25  ,22:16 ,HST ,0.964314
2026-07-25  ,22:31 ,HST ,0.963009
2026-07-25  ,22:46 ,HST ,0.959743
2026-07-25  ,23:01 ,HST ,0.953833
2026-07-25  ,23:16 ,HST ,0.944651
2026-07-25  ,23:31 ,HST ,0.931646
2026-07-25  ,23:46 ,HST ,0.914356
2026-07-26  ,00:01 ,HST ,0.892414
2026-07-26  ,00:16 ,HST ,0.865563
2026-07-26  ,00:31 ,HST ,0.833661
2026-07-26  ,00:46 ,HST ,0.796687
2026-07-26  ,01:01 ,HST ,0.754744
2026-07-26  ,01:16 ,HST ,0.708060
2026-07-26  ,01:31 ,HST ,0.656987
2026-07-26  ,01:46 ,HST ,0.601997
2026-07-26  ,02:01 ,HST ,0.543677
2026-07-26  ,02:16 ,HST ,0.482718
2026-07-26  ,02:31 ,HST ,0.419908
2026-07-26  ,02:46 ,HST ,0.356119
2026-07-26  ,03:01 ,HST ,0.292291
2026-07-26  ,03:16 ,HST ,0.229421
2026-07-26  ,03:31 ,HST ,0.168541
2026-07-26  ,03:46 ,HST ,0.110705
2026-07-26  ,04:01 ,HST ,0.056970
2026-07-26  ,04:16 ,HST ,0.008376
2026-07-26  ,04:31 ,HST ,-0.034072
2026-07-26  ,04:46 ,HST ,-0.069420
2026-07-26  ,05:01 ,HST ,-0.096785
2026-07-26  ,05:16 ,HST ,-0.115371
2026-07-26  ,05:31 ,HST ,-0.124485
2026-07-26  ,05:46 ,HST ,-0.123668
2026-07-26  ,06:01 ,HST ,-0.113028
2026-07-26  ,06:16 ,HST ,-0.092342
2026-07-26  ,06:31 ,HST ,-0.061452
2026-07-26  ,06:46 ,HST ,-0.020325
2026-07-26  ,07:01 ,HST ,0.030940
2026-07-26  ,07:16 ,HST ,0.092111
2026-07-26  ,07:31 ,HST ,0.162827
2026-07-26  ,07:46 ,HST ,0.242598
2026-07-26  ,08:01 ,HST ,0.330812
2026-07-26  ,08:16 ,HST ,0.426741
2026-07-26  ,08:31 ,HST ,0.529428
2026-07-26  ,08:46 ,HST ,0.638175
2026-07-26  ,09:01 ,HST ,0.751851
2026-07-26  ,09:16 ,HST ,0.869365
2026-07-26  ,09:31 ,HST ,0.989568
2026-07-26  ,09:46 ,HST ,1.111269
2026-07-26  ,10:01 ,HST ,1.233249
2026-07-26  ,10:16 ,HST ,1.354280
2026-07-26  ,10:31 ,HST ,1.473139
2026-07-26  ,10:46 ,HST ,1.588626
2026-07-26  ,11:01 ,HST ,1.699580
2026-07-26  ,11:16 ,HST ,1.804895
2026-07-26  ,11:31 ,HST ,1.903534
2026-07-26  ,11:46 ,HST ,1.994546
2026-07-26  ,12:01 ,HST ,2.077076
2026-07-26  ,12:16 ,HST ,2.150377
2026-07-26  ,12:31 ,HST ,2.213819
2026-07-26  ,12:46 ,HST ,2.266902
2026-07-26  ,13:01 ,HST ,2.309254
2026-07-26  ,13:16 ,HST ,2.340644
2026-07-26  ,13:31 ,HST ,2.360979
2026-07-26  ,13:46 ,HST ,2.370303
2026-07-26  ,14:01 ,HST ,2.368124
2026-07-26  ,14:16 ,HST ,2.352431
2026-07-26  ,14:31 ,HST ,2.323597
2026-07-26  ,14:46 ,HST ,2.282477
2026-07-26  ,15:01 ,HST ,2.229934
2026-07-26  ,15:16 ,HST ,2.167175
2026-07-26  ,15:31 ,HST ,2.095276
2026-07-26  ,15:46 ,HST ,2.015616
2026-07-26  ,16:01 ,HST ,1.929683
2026-07-26  ,16:16 ,HST ,1.838735
2026-07-26  ,16:31 ,HST ,1.744439
2026-07-26  ,16:46 ,HST ,1.648066
2026-07-26  ,17:01 ,HST ,1.551275
2026-07-26  ,17:16 ,HST ,1.455264
2026-07-26  ,17:31 ,HST ,1.361576
2026-07-26  ,17:46 ,HST ,1.271255
2026-07-26  ,18:01 ,HST ,1.185537
2026-07-26  ,18:16 ,HST ,1.105512
2026-07-26  ,18:31 ,HST ,1.031863
2026-07-26  ,18:46 ,HST ,0.965447
2026-07-26  ,19:01 ,HST ,0.906651
2026-07-26  ,19:16 ,HST ,0.855956
2026-07-26  ,19:31 ,HST ,0.813425
2026-07-26  ,19:46 ,HST ,0.779113
2026-07-26  ,20:01 ,HST ,0.752859
2026-07-26  ,20:16 ,HST ,0.734253
2026-07-26  ,20:31 ,HST ,0.722818
2026-07-26  ,20:46 ,HST ,0.717864
2026-07-26  ,21:01 ,HST ,0.720673
2026-07-26  ,21:16 ,HST ,0.736810
2026-07-26  ,21:31 ,HST ,0.764267
2026-07-26  ,21:46 ,HST ,0.800200
2026-07-26  ,22:01 ,HST ,0.841675
2026-07-26  ,22:16 ,HST ,0.885515
2026-07-26  ,22:31 ,HST ,0.928651
2026-07-26  ,22:46 ,HST ,0.967983
2026-07-26  ,23:01 ,HST ,1.000482
2026-07-26  ,23:16 ,HST ,1.023236
2026-07-26  ,23:31 ,HST ,1.033509
2026-07-26  ,23:46 ,HST ,1.032404
2026-07-27  ,00:01 ,HST ,1.026167
2026-07-27  ,00:16 ,HST ,1.014427
2026-07-27  ,00:31 ,HST ,0.996716
2026-07-27  ,00:46 ,HST ,0.972720
2026-07-27  ,01:01 ,HST ,0.942187
2026-07-27  ,01:16 ,HST ,0.905083
2026-07-27  ,01:31 ,HST ,0.861553
2026-07-27  ,01:46 ,HST ,0.811749
2026-07-27  ,02:01 ,HST ,0.756173
2026-07-27  ,02:16 ,HST ,0.695245
2026-07-27  ,02:31 ,HST ,0.629700
2026-07-27  ,02:46 ,HST ,0.560422
2026-07-27  ,03:01 ,HST ,0.488183
2026-07-27  ,03:16 ,HST ,0.414078
2026-07-27  ,03:31 ,HST ,0.339298
2026-07-27  ,03:46 ,HST ,0.264854
2026-07-27  ,04:01 ,HST ,0.192127
2026-07-27  ,04:16 ,HST ,0.122205
2026-07-27  ,04:31 ,HST ,0.056420
2026-07-27  ,04:46 ,HST ,-0.003931
2026-07-27  ,05:01 ,HST ,-0.057786
2026-07-27  ,05:16 ,HST ,-0.103941
2026-07-27  ,05:31 ,HST ,-0.141308
2026-07-27  ,05:46 ,HST ,-0.169019
2026-07-27  ,06:01 ,HST ,-0.186183
2026-07-27  ,06:16 ,HST ,-0.192141
2026-07-27  ,06:31 ,HST ,-0.186740
2026-07-27  ,06:46 ,HST ,-0.170045
2026-07-27  ,07:01 ,HST ,-0.141892
2026-07-27  ,07:16 ,HST ,-0.102215
2026-07-27  ,07:31 ,HST ,-0.051048
2026-07-27  ,07:46 ,HST ,0.011243
2026-07-27  ,08:01 ,HST ,0.084400
2026-07-27  ,08:16 ,HST ,0.167709
2026-07-27  ,08:31 ,HST ,0.260560
2026-07-27  ,08:46 ,HST ,0.362255
2026-07-27  ,09:01 ,HST ,0.471619
2026-07-27  ,09:16 ,HST ,0.587846
2026-07-27  ,09:31 ,HST ,0.709523
2026-07-27  ,09:46 ,HST ,0.835549
2026-07-27  ,10:01 ,HST ,0.964776
2026-07-27  ,10:16 ,HST ,1.095568
2026-07-27  ,10:31 ,HST ,1.226849
2026-07-27  ,10:46 ,HST ,1.356938
2026-07-27  ,11:01 ,HST ,1.484612
2026-07-27  ,11:16 ,HST ,1.608667
2026-07-27  ,11:31 ,HST ,1.727523
2026-07-27  ,11:46 ,HST ,1.840215
2026-07-27  ,12:01 ,HST ,1.945334
2026-07-27  ,12:16 ,HST ,2.041961
2026-07-27  ,12:31 ,HST ,2.129248
2026-07-27  ,12:46 ,HST ,2.206180
2026-07-27  ,13:01 ,HST ,2.272248
2026-07-27  ,13:16 ,HST ,2.326768
2026-07-27  ,13:31 ,HST ,2.369436
2026-07-27  ,13:46 ,HST ,2.400050
2026-07-27  ,14:01 ,HST ,2.418471
2026-07-27  ,14:16 ,HST ,2.424828
2026-07-27  ,14:31 ,HST ,2.417680
2026-07-27  ,14:46 ,HST ,2.395604
2026-07-27  ,15:01 ,HST ,2.359347
2026-07-27  ,15:16 ,HST ,2.309856
2026-07-27  ,15:31 ,HST ,2.248252
2026-07-27  ,15:46 ,HST ,2.175892
2026-07-27  ,16:01 ,HST ,2.094028
2026-07-27  ,16:16 ,HST ,2.004246
2026-07-27  ,16:31 ,HST ,1.908142
2026-07-27  ,16:46 ,HST ,1.807363
2026-07-27  ,17:01 ,HST ,1.703583
2026-07-27  ,17:16 ,HST ,1.598469
2026-07-27  ,17:31 ,HST ,1.493657
2026-07-27  ,17:46 ,HST ,1.390830
2026-07-27  ,18:01 ,HST ,1.291254
2026-07-27  ,18:16 ,HST ,1.196416
2026-07-27  ,18:31 ,HST ,1.107558
2026-07-27  ,18:46 ,HST ,1.025765
2026-07-27  ,19:01 ,HST ,0.951955
2026-07-27  ,19:16 ,HST ,0.886854
2026-07-27  ,19:31 ,HST ,0.831052
2026-07-27  ,19:46 ,HST ,0.784757
2026-07-27  ,20:01 ,HST ,0.748155
2026-07-27  ,20:16 ,HST ,0.721163
2026-07-27  ,20:31 ,HST ,0.703495
2026-07-27  ,20:46 ,HST ,0.694670
2026-07-27  ,21:01 ,HST ,0.694438
2026-07-27  ,21:16 ,HST ,0.705285
2026-07-27  ,21:31 ,HST ,0.726537
2026-07-27  ,21:46 ,HST ,0.756619
2026-07-27  ,22:01 ,HST ,0.793689
2026-07-27  ,22:16 ,HST ,0.835939
2026-07-27  ,22:31 ,HST ,0.881287
2026-07-27  ,22:46 ,HST ,0.927800
2026-07-27  ,23:01 ,HST ,0.973368
2026-07-27  ,23:16 ,HST ,1.015898
2026-07-27  ,23:31 ,HST ,1.053501
2026-07-27  ,23:46 ,HST ,1.084188
2026-07-28  ,00:01 ,HST ,1.106247
2026-07-28  ,00:16 ,HST ,1.117996
2026-07-28  ,00:31 ,HST ,1.118766
2026-07-28  ,00:46 ,HST ,1.112117
2026-07-28  ,01:01 ,HST ,1.098282
2026-07-28  ,01:16 ,HST ,1.076832
2026-07-28  ,01:31 ,HST ,1.047575
2026-07-28  ,01:46 ,HST ,1.010378
2026-07-28  ,02:01 ,HST ,0.965426
2026-07-28  ,02:16 ,HST ,0.912896
2026-07-28  ,02:31 ,HST ,0.853350
2026-07-28  ,02:46 ,HST ,0.787272
2026-07-28  ,03:01 ,HST ,0.715573
2026-07-28  ,03:16 ,HST ,0.639015
2026-07-28  ,03:31 ,HST ,0.558808
2026-07-28  ,03:46 ,HST ,0.475939
2026-07-28  ,04:01 ,HST ,0.391844
2026-07-28  ,04:16 ,HST ,0.307670
2026-07-28  ,04:31 ,HST ,0.224980
2026-07-28  ,04:46 ,HST ,0.145008
2026-07-28  ,05:01 ,HST ,0.069338
2026-07-28  ,05:16 ,HST ,-0.000727
2026-07-28  ,05:31 ,HST ,-0.063906
2026-07-28  ,05:46 ,HST ,-0.118785
2026-07-28  ,06:01 ,HST ,-0.164298
2026-07-28  ,06:16 ,HST ,-0.199277
2026-07-28  ,06:31 ,HST ,-0.222862
2026-07-28  ,06:46 ,HST ,-0.234220
2026-07-28  ,07:01 ,HST ,-0.232936
2026-07-28  ,07:16 ,HST ,-0.219294
2026-07-28  ,07:31 ,HST ,-0.193145
2026-07-28  ,07:46 ,HST ,-0.154483
2026-07-28  ,08:01 ,HST ,-0.103330
2026-07-28  ,08:16 ,HST ,-0.040001
2026-07-28  ,08:31 ,HST ,0.035062
2026-07-28  ,08:46 ,HST ,0.121250
2026-07-28  ,09:01 ,HST ,0.217804
2026-07-28  ,09:16 ,HST ,0.323819
2026-07-28  ,09:31 ,HST ,0.438253
2026-07-28  ,09:46 ,HST ,0.559949
2026-07-28  ,10:01 ,HST ,0.687641
2026-07-28  ,10:16 ,HST ,0.819827
2026-07-28  ,10:31 ,HST ,0.955388
2026-07-28  ,10:46 ,HST ,1.092709
2026-07-28  ,11:01 ,HST ,1.230292
2026-07-28  ,11:16 ,HST ,1.366632
2026-07-28  ,11:31 ,HST ,1.500238
2026-07-28  ,11:46 ,HST ,1.629652
2026-07-28  ,12:01 ,HST ,1.753473
2026-07-28  ,12:16 ,HST ,1.870372
2026-07-28  ,12:31 ,HST ,1.979115
2026-07-28  ,12:46 ,HST ,2.078576
2026-07-28  ,13:01 ,HST ,2.167662
2026-07-28  ,13:16 ,HST ,2.245716
2026-07-28  ,13:31 ,HST ,2.311923
2026-07-28  ,13:46 ,HST ,2.365733
2026-07-28  ,14:01 ,HST ,2.406766
2026-07-28  ,14:16 ,HST ,2.434812
2026-07-28  ,14:31 ,HST ,2.449834
2026-07-28  ,14:46 ,HST ,2.451763
2026-07-28  ,15:01 ,HST ,2.438244
2026-07-28  ,15:16 ,HST ,2.409041
2026-07-28  ,15:31 ,HST ,2.365089
2026-07-28  ,15:46 ,HST ,2.307370
2026-07-28  ,16:01 ,HST ,2.237188
2026-07-28  ,16:16 ,HST ,2.156065
2026-07-28  ,16:31 ,HST ,2.065388
2026-07-28  ,16:46 ,HST ,1.967024
2026-07-28  ,17:01 ,HST ,1.862515
2026-07-28  ,17:16 ,HST ,1.753767
2026-07-28  ,17:31 ,HST ,1.642724
2026-07-28  ,17:46 ,HST ,1.530955
2026-07-28  ,18:01 ,HST ,1.420463
2026-07-28  ,18:16 ,HST ,1.312699
2026-07-28  ,18:31 ,HST ,1.209373
2026-07-28  ,18:46 ,HST ,1.112048
2026-07-28  ,19:01 ,HST ,1.021819
2026-07-28  ,19:16 ,HST ,0.940010
2026-07-28  ,19:31 ,HST ,0.867385
2026-07-28  ,19:46 ,HST ,0.804771
2026-07-28  ,20:01 ,HST ,0.752732
2026-07-28  ,20:16 ,HST ,0.711449
2026-07-28  ,20:31 ,HST ,0.681075
2026-07-28  ,20:46 ,HST ,0.661385
2026-07-28  ,21:01 ,HST ,0.652040
2026-07-28  ,21:16 ,HST ,0.652801
2026-07-28  ,21:31 ,HST ,0.664677
2026-07-28  ,21:46 ,HST ,0.686774
2026-07-28  ,22:01 ,HST ,0.717850
2026-07-28  ,22:16 ,HST ,0.756386
2026-07-28  ,22:31 ,HST ,0.800897
2026-07-28  ,22:46 ,HST ,0.849606
2026-07-28  ,23:01 ,HST ,0.900877
2026-07-28  ,23:16 ,HST ,0.952805
2026-07-28  ,23:31 ,HST ,1.003708
2026-07-28  ,23:46 ,HST ,1.051688
2026-07-29  ,00:01 ,HST ,1.095079
2026-07-29  ,00:16 ,HST ,1.132272
2026-07-29  ,00:31 ,HST ,1.161640
2026-07-29  ,00:46 ,HST ,1.181841
2026-07-29  ,01:01 ,HST ,1.191585
2026-07-29  ,01:16 ,HST ,1.190679
2026-07-29  ,01:31 ,HST ,1.181333
2026-07-29  ,01:46 ,HST ,1.163332
2026-07-29  ,02:01 ,HST ,1.136451
2026-07-29  ,02:16 ,HST ,1.100596
2026-07-29  ,02:31 ,HST ,1.055880
2026-07-29  ,02:46 ,HST ,1.002607
2026-07-29  ,03:01 ,HST ,0.941265
2026-07-29  ,03:16 ,HST ,0.872527
2026-07-29  ,03:31 ,HST ,0.797235
2026-07-29  ,03:46 ,HST ,0.716300
2026-07-29  ,04:01 ,HST ,0.631041
2026-07-29  ,04:16 ,HST ,0.542641
2026-07-29  ,04:31 ,HST ,0.452469
2026-07-29  ,04:46 ,HST ,0.361973
2026-07-29  ,05:01 ,HST ,0.272658
2026-07-29  ,05:16 ,HST ,0.186055
2026-07-29  ,05:31 ,HST ,0.103698
2026-07-29  ,05:46 ,HST ,0.027018
2026-07-29  ,06:01 ,HST ,-0.042360
2026-07-29  ,06:16 ,HST ,-0.103142
2026-07-29  ,06:31 ,HST ,-0.154050
2026-07-29  ,06:46 ,HST ,-0.193932
2026-07-29  ,07:01 ,HST ,-0.221785
2026-07-29  ,07:16 ,HST ,-0.236769
2026-07-29  ,07:31 ,HST ,-0.238308
2026-07-29  ,07:46 ,HST ,-0.226739
2026-07-29  ,08:01 ,HST ,-0.202062
2026-07-29  ,08:16 ,HST ,-0.164168
2026-07-29  ,08:31 ,HST ,-0.113269
2026-07-29  ,08:46 ,HST ,-0.049557
2026-07-29  ,09:01 ,HST ,0.026343
2026-07-29  ,09:16 ,HST ,0.113947
2026-07-29  ,09:31 ,HST ,0.212242
2026-07-29  ,09:46 ,HST ,0.320478
2026-07-29  ,10:01 ,HST ,0.437300
2026-07-29  ,10:16 ,HST ,0.561593
2026-07-29  ,10:31 ,HST ,0.692167
2026-07-29  ,10:46 ,HST ,0.827292
2026-07-29  ,11:01 ,HST ,0.965772
2026-07-29  ,11:16 ,HST ,1.105742
2026-07-29  ,11:31 ,HST ,1.245941
2026-07-29  ,11:46 ,HST ,1.384469
2026-07-29  ,12:01 ,HST ,1.520075
2026-07-29  ,12:16 ,HST ,1.650930
2026-07-29  ,12:31 ,HST ,1.775865
2026-07-29  ,12:46 ,HST ,1.893220
2026-07-29  ,13:01 ,HST ,2.001981
2026-07-29  ,13:16 ,HST ,2.100745
2026-07-29  ,13:31 ,HST ,2.188712
2026-07-29  ,13:46 ,HST ,2.264810
2026-07-29  ,14:01 ,HST ,2.328438
2026-07-29  ,14:16 ,HST ,2.379106
2026-07-29  ,14:31 ,HST ,2.416339
2026-07-29  ,14:46 ,HST ,2.440040
2026-07-29  ,15:01 ,HST ,2.450160
2026-07-29  ,15:16 ,HST ,2.445901
2026-07-29  ,15:31 ,HST ,2.425141
2026-07-29  ,15:46 ,HST ,2.388491
2026-07-29  ,16:01 ,HST ,2.336917
2026-07-29  ,16:16 ,HST ,2.271594
2026-07-29  ,16:31 ,HST ,2.193887
2026-07-29  ,16:46 ,HST ,2.105325
2026-07-29  ,17:01 ,HST ,2.007574
2026-07-29  ,17:16 ,HST ,1.902408
2026-07-29  ,17:31 ,HST ,1.791677
2026-07-29  ,17:46 ,HST ,1.677277
2026-07-29  ,18:01 ,HST ,1.561115
2026-07-29  ,18:16 ,HST ,1.445075
2026-07-29  ,18:31 ,HST ,1.330992
2026-07-29  ,18:46 ,HST ,1.220612
2026-07-29  ,19:01 ,HST ,1.115680
2026-07-29  ,19:16 ,HST ,1.017463
2026-07-29  ,19:31 ,HST ,0.927404
2026-07-29  ,19:46 ,HST ,0.846646
2026-07-29  ,20:01 ,HST ,0.776125
2026-07-29  ,20:16 ,HST ,0.716558
2026-07-29  ,20:31 ,HST ,0.668434
2026-07-29  ,20:46 ,HST ,0.632005
2026-07-29  ,21:01 ,HST ,0.607286
2026-07-29  ,21:16 ,HST ,0.594057
2026-07-29  ,21:31 ,HST ,0.591926
2026-07-29  ,21:46 ,HST ,0.601067
2026-07-29  ,22:01 ,HST ,0.620874
2026-07-29  ,22:16 ,HST ,0.650280
2026-07-29  ,22:31 ,HST ,0.688055
2026-07-29  ,22:46 ,HST ,0.732830
2026-07-29  ,23:01 ,HST ,0.783122
2026-07-29  ,23:16 ,HST ,0.837358
2026-07-29  ,23:31 ,HST ,0.893899
2026-07-29  ,23:46 ,HST ,0.951142
2026-07-30  ,00:01 ,HST ,1.007271
2026-07-30  ,00:16 ,HST ,1.060697
2026-07-30  ,00:31 ,HST ,1.109812
2026-07-30  ,00:46 ,HST ,1.153086
2026-07-30  ,01:01 ,HST ,1.189092
2026-07-30  ,01:16 ,HST ,1.216531
2026-07-30  ,01:31 ,HST ,1.234254
2026-07-30  ,01:46 ,HST ,1.241283
2026-07-30  ,02:01 ,HST ,1.237863
2026-07-30  ,02:16 ,HST ,1.225093
2026-07-30  ,02:31 ,HST ,1.202700
2026-07-30  ,02:46 ,HST ,1.170633
2026-07-30  ,03:01 ,HST ,1.128932
2026-07-30  ,03:16 ,HST ,1.077940
2026-07-30  ,03:31 ,HST ,1.018168
2026-07-30  ,03:46 ,HST ,0.950319
2026-07-30  ,04:01 ,HST ,0.875278
2026-07-30  ,04:16 ,HST ,0.794186
2026-07-30  ,04:31 ,HST ,0.708067
2026-07-30  ,04:46 ,HST ,0.618335
2026-07-30  ,05:01 ,HST ,0.526428
2026-07-30  ,05:16 ,HST ,0.433863
2026-07-30  ,05:31 ,HST ,0.342315
2026-07-30  ,05:46 ,HST ,0.253187
2026-07-30  ,06:01 ,HST ,0.168184
2026-07-30  ,06:16 ,HST ,0.088884
2026-07-30  ,06:31 ,HST ,0.016806
2026-07-30  ,06:46 ,HST ,-0.046610
2026-07-30  ,07:01 ,HST ,-0.099984
2026-07-30  ,07:16 ,HST ,-0.142237
2026-07-30  ,07:31 ,HST ,-0.172264
2026-07-30  ,07:46 ,HST ,-0.189202
2026-07-30  ,08:01 ,HST ,-0.192420
2026-07-30  ,08:16 ,HST ,-0.182305
2026-07-30  ,08:31 ,HST ,-0.158949
2026-07-30  ,08:46 ,HST ,-0.122309
2026-07-30  ,09:01 ,HST ,-0.072525
2026-07-30  ,09:16 ,HST ,-0.009922
2026-07-30  ,09:31 ,HST ,0.064996
2026-07-30  ,09:46 ,HST ,0.151547
2026-07-30  ,10:01 ,HST ,0.248885
2026-07-30  ,10:16 ,HST ,0.356007
2026-07-30  ,10:31 ,HST ,0.471772
2026-07-30  ,10:46 ,HST ,0.594907
2026-07-30  ,11:01 ,HST ,0.724037
2026-07-30  ,11:16 ,HST ,0.857694
2026-07-30  ,11:31 ,HST ,0.994343
2026-07-30  ,11:46 ,HST ,1.132403
2026-07-30  ,12:01 ,HST ,1.270269
2026-07-30  ,12:16 ,HST ,1.406334
2026-07-30  ,12:31 ,HST ,1.539015
2026-07-30  ,12:46 ,HST ,1.666772
2026-07-30  ,13:01 ,HST ,1.788132
2026-07-30  ,13:16 ,HST ,1.901710
2026-07-30  ,13:31 ,HST ,2.006228
2026-07-30  ,13:46 ,HST ,2.100532
2026-07-30  ,14:01 ,HST ,2.183700
2026-07-30  ,14:16 ,HST ,2.254686
2026-07-30  ,14:31 ,HST ,2.312902
2026-07-30  ,14:46 ,HST ,2.357836
2026-07-30  ,15:01 ,HST ,2.389160
2026-07-30  ,15:16 ,HST ,2.406730
2026-07-30  ,15:31 ,HST ,2.410511
2026-07-30  ,15:46 ,HST ,2.398466
2026-07-30  ,16:01 ,HST ,2.370080
2026-07-30  ,16:16 ,HST ,2.326146
2026-07-30  ,16:31 ,HST ,2.267683
2026-07-30  ,16:46 ,HST ,2.195918
2026-07-30  ,17:01 ,HST ,2.112264
2026-07-30  ,17:16 ,HST ,2.018292
2026-07-30  ,17:31 ,HST ,1.915705
2026-07-30  ,17:46 ,HST ,1.806311
2026-07-30  ,18:01 ,HST ,1.691985
2026-07-30  ,18:16 ,HST ,1.574645
2026-07-30  ,18:31 ,HST ,1.456210
2026-07-30  ,18:46 ,HST ,1.338575
2026-07-30  ,19:01 ,HST ,1.223575
2026-07-30  ,19:16 ,HST ,1.112954
2026-07-30  ,19:31 ,HST ,1.008338
2026-07-30  ,19:46 ,HST ,0.911208
2026-07-30  ,20:01 ,HST ,0.822871
2026-07-30  ,20:16 ,HST ,0.744448
2026-07-30  ,20:31 ,HST ,0.676849
2026-07-30  ,20:46 ,HST ,0.620760
2026-07-30  ,21:01 ,HST ,0.576640
2026-07-30  ,21:16 ,HST ,0.544707
2026-07-30  ,21:31 ,HST ,0.524957
2026-07-30  ,21:46 ,HST ,0.517093
2026-07-30  ,22:01 ,HST ,0.520787
2026-07-30  ,22:16 ,HST ,0.535572
2026-07-30  ,22:31 ,HST ,0.560600
2026-07-30  ,22:46 ,HST ,0.594854
2026-07-30  ,23:01 ,HST ,0.637168
2026-07-30  ,23:16 ,HST ,0.686248
2026-07-30  ,23:31 ,HST ,0.740693
2026-07-30  ,23:46 ,HST ,0.799021
2026-07-31  ,00:01 ,HST ,0.859622
2026-07-31  ,00:16 ,HST ,0.921067
2026-07-31  ,00:31 ,HST ,0.981712
2026-07-31  ,00:46 ,HST ,1.040002
2026-07-31  ,01:01 ,HST ,1.094433
2026-07-31  ,01:16 ,HST ,1.143571
2026-07-31  ,01:31 ,HST ,1.186080
2026-07-31  ,01:46 ,HST ,1.220745
2026-07-31  ,02:01 ,HST ,1.246490
2026-07-31  ,02:16 ,HST ,1.262397
2026-07-31  ,02:31 ,HST ,1.267724
2026-07-31  ,02:46 ,HST ,1.262700
2026-07-31  ,03:01 ,HST ,1.247690
2026-07-31  ,03:16 ,HST ,1.222573
2026-07-31  ,03:31 ,HST ,1.187479
2026-07-31  ,03:46 ,HST ,1.142628
2026-07-31  ,04:01 ,HST ,1.088552
2026-07-31  ,04:16 ,HST ,1.026020
2026-07-31  ,04:31 ,HST ,0.955779
2026-07-31  ,04:46 ,HST ,0.878944
2026-07-31  ,05:01 ,HST ,0.796722
2026-07-31  ,05:16 ,HST ,0.710546
2026-07-31  ,05:31 ,HST ,0.621675
2026-07-31  ,05:46 ,HST ,0.531734
2026-07-31  ,06:01 ,HST ,0.442407
2026-07-31  ,06:16 ,HST ,0.355117
2026-07-31  ,06:31 ,HST ,0.271581
2026-07-31  ,06:46 ,HST ,0.193388
2026-07-31  ,07:01 ,HST ,0.122145
2026-07-31  ,07:16 ,HST ,0.059146
2026-07-31  ,07:31 ,HST ,0.005810
2026-07-31  ,07:46 ,HST ,-0.036621
2026-07-31  ,08:01 ,HST ,-0.067193
2026-07-31  ,08:16 ,HST ,-0.084987
2026-07-31  ,08:31 ,HST ,-0.089353
2026-07-31  ,08:46 ,HST ,-0.080714
2026-07-31  ,09:01 ,HST ,-0.059280
2026-07-31  ,09:16 ,HST ,-0.025057
2026-07-31  ,09:31 ,HST ,0.021890
2026-07-31  ,09:46 ,HST ,0.081127
2026-07-31  ,10:01 ,HST ,0.152286
2026-07-31  ,10:16 ,HST ,0.234530
2026-07-31  ,10:31 ,HST ,0.327206
2026-07-31  ,10:46 ,HST ,0.429234
2026-07-31  ,11:01 ,HST ,0.539351
2026-07-31  ,11:16 ,HST ,0.656556
2026-07-31  ,11:31 ,HST ,0.779224
2026-07-31  ,11:46 ,HST ,0.906192
2026-07-31  ,12:01 ,HST ,1.035813
2026-07-31  ,12:16 ,HST ,1.166382
2026-07-31  ,12:31 ,HST ,1.296625
2026-07-31  ,12:46 ,HST ,1.424676
2026-07-31  ,13:01 ,HST ,1.549279
2026-07-31  ,13:16 ,HST ,1.668652
2026-07-31  ,13:31 ,HST ,1.781635
2026-07-31  ,13:46 ,HST ,1.886745
2026-07-31  ,14:01 ,HST ,1.982640
2026-07-31  ,14:16 ,HST ,2.068432
2026-07-31  ,14:31 ,HST ,2.142957
2026-07-31  ,14:46 ,HST ,2.205574
2026-07-31  ,15:01 ,HST ,2.255494
2026-07-31  ,15:16 ,HST ,2.292360
2026-07-31  ,15:31 ,HST ,2.315818
2026-07-31  ,15:46 ,HST ,2.325758
2026-07-31  ,16:01 ,HST ,2.321448
2026-07-31  ,16:16 ,HST ,2.301194
2026-07-31  ,16:31 ,HST ,2.265538
2026-07-31  ,16:46 ,HST ,2.215215
2026-07-31  ,17:01 ,HST ,2.151280
2026-07-31  ,17:16 ,HST ,2.074955
2026-07-31  ,17:31 ,HST ,1.987638
2026-07-31  ,17:46 ,HST ,1.890986
2026-07-31  ,18:01 ,HST ,1.786458
2026-07-31  ,18:16 ,HST ,1.675917
2026-07-31  ,18:31 ,HST ,1.561194
2026-07-31  ,18:46 ,HST ,1.444150
2026-07-31  ,19:01 ,HST ,1.326647
2026-07-31  ,19:16 ,HST ,1.210642
2026-07-31  ,19:31 ,HST ,1.097654
2026-07-31  ,19:46 ,HST ,0.989491
2026-07-31  ,20:01 ,HST ,0.887717
2026-07-31  ,20:16 ,HST ,0.793753
2026-07-31  ,20:31 ,HST ,0.708938
2026-07-31  ,20:46 ,HST ,0.634157
2026-07-31  ,21:01 ,HST ,0.570372
2026-07-31  ,21:16 ,HST ,0.518235
2026-07-31  ,21:31 ,HST ,0.478173
2026-07-31  ,21:46 ,HST ,0.450384
2026-07-31  ,22:01 ,HST ,0.434847
2026-07-31  ,22:16 ,HST ,0.431269
2026-07-31  ,22:31 ,HST ,0.439035
2026-07-31  ,22:46 ,HST ,0.457441
2026-07-31  ,23:01 ,HST ,0.485658
2026-07-31  ,23:16 ,HST ,0.522813
2026-07-31  ,23:31 ,HST ,0.567745
2026-07-31  ,23:46 ,HST ,0.619302
2026-08-01  ,00:01 ,HST ,0.676264
2026-08-01  ,00:16 ,HST ,0.737135
2026-08-01  ,00:31 ,HST ,0.800636
2026-08-01  ,00:46 ,HST ,0.865175
2026-08-01  ,01:01 ,HST ,0.929447
2026-08-01  ,01:16 ,HST ,0.991873
2026-08-01  ,01:31 ,HST ,1.051204
2026-08-01  ,01:46 ,HST ,1.105979
2026-08-01  ,02:01 ,HST ,1.155086
2026-08-01  ,02:16 ,HST ,1.197283
2026-08-01  ,02:31 ,HST ,1.231661
2026-08-01  ,02:46 ,HST ,1.257282
2026-08-01  ,03:01 ,HST ,1.273498
2026-08-01  ,03:16 ,HST ,1.279737
2026-08-01  ,03:31 ,HST ,1.275779
2026-08-01  ,03:46 ,HST ,1.261617
2026-08-01  ,04:01 ,HST ,1.237284
2026-08-01  ,04:16 ,HST ,1.203024
2026-08-01  ,04:31 ,HST ,1.159283
2026-08-01  ,04:46 ,HST ,1.106705
2026-08-01  ,05:01 ,HST ,1.046192
2026-08-01  ,05:16 ,HST ,0.978613
2026-08-01  ,05:31 ,HST ,0.905189
2026-08-01  ,05:46 ,HST ,0.827210
2026-08-01  ,06:01 ,HST ,0.746077
2026-08-01  ,06:16 ,HST ,0.663280
2026-08-01  ,06:31 ,HST ,0.580364
2026-08-01  ,06:46 ,HST ,0.498910
2026-08-01  ,07:01 ,HST ,0.420499
2026-08-01  ,07:16 ,HST ,0.346764
2026-08-01  ,07:31 ,HST ,0.279049
2026-08-01  ,07:46 ,HST ,0.218856
2026-08-01  ,08:01 ,HST ,0.167503
2026-08-01  ,08:16 ,HST ,0.126172
2026-08-01  ,08:31 ,HST ,0.095894
2026-08-01  ,08:46 ,HST ,0.077527
2026-08-01  ,09:01 ,HST ,0.071739
2026-08-01  ,09:16 ,HST ,0.078161
2026-08-01  ,09:31 ,HST ,0.096327
2026-08-01  ,09:46 ,HST ,0.126245
2026-08-01  ,10:01 ,HST ,0.167855
2026-08-01  ,10:16 ,HST ,0.220829
2026-08-01  ,10:31 ,HST ,0.284698
2026-08-01  ,10:46 ,HST ,0.358829
2026-08-01  ,11:01 ,HST ,0.442432
2026-08-01  ,11:16 ,HST ,0.534576
2026-08-01  ,11:31 ,HST ,0.634197
2026-08-01  ,11:46 ,HST ,0.740116
2026-08-01  ,12:01 ,HST ,0.851053
2026-08-01  ,12:16 ,HST ,0.965650
2026-08-01  ,12:31 ,HST ,1.082487
2026-08-01  ,12:46 ,HST ,1.200103
2026-08-01  ,13:01 ,HST ,1.317020
2026-08-01  ,13:16 ,HST ,1.431760
2026-08-01  ,13:31 ,HST ,1.542873
2026-08-01  ,13:46 ,HST ,1.648950
2026-08-01  ,14:01 ,HST ,1.748651
2026-08-01  ,14:16 ,HST ,1.840721
2026-08-01  ,14:31 ,HST ,1.924009
2026-08-01  ,14:46 ,HST ,1.997482
2026-08-01  ,15:01 ,HST ,2.060245
2026-08-01  ,15:16 ,HST ,2.111549
2026-08-01  ,15:31 ,HST ,2.150769
2026-08-01  ,15:46 ,HST ,2.177570
2026-08-01  ,16:01 ,HST ,2.191650
2026-08-01  ,16:16 ,HST ,2.192756
2026-08-01  ,16:31 ,HST ,2.179391
2026-08-01  ,16:46 ,HST ,2.151517
2026-08-01  ,17:01 ,HST ,2.109651
2026-08-01  ,17:16 ,HST ,2.054664
2026-08-01  ,17:31 ,HST ,1.987411
2026-08-01  ,17:46 ,HST ,1.909191
2026-08-01  ,18:01 ,HST ,1.821147
2026-08-01  ,18:16 ,HST ,1.724917
2026-08-01  ,18:31 ,HST ,1.621966
2026-08-01  ,18:46 ,HST ,1.513818
2026-08-01  ,19:01 ,HST ,1.402404
2026-08-01  ,19:16 ,HST ,1.289215
2026-08-01  ,19:31 ,HST ,1.176222
2026-08-01  ,19:46 ,HST ,1.065002
2026-08-01  ,20:01 ,HST ,0.957080
2026-08-01  ,20:16 ,HST ,0.854248
2026-08-01  ,20:31 ,HST ,0.757736
2026-08-01  ,20:46 ,HST ,0.669068
2026-08-01  ,21:01 ,HST ,0.589219
2026-08-01  ,21:16 ,HST ,0.519356
2026-08-01  ,21:31 ,HST ,0.460195
2026-08-01  ,21:46 ,HST ,0.412299
2026-08-01  ,22:01 ,HST ,0.376179
2026-08-01  ,22:16 ,HST ,0.351952
2026-08-01  ,22:31 ,HST ,0.339654
2026-08-01  ,22:46 ,HST ,0.338972
2026-08-01  ,23:01 ,HST ,0.349019
2026-08-01  ,23:16 ,HST ,0.369143
2026-08-01  ,23:31 ,HST ,0.398657
2026-08-01  ,23:46 ,HST ,0.436735
2026-08-02  ,00:01 ,HST ,0.482485
2026-08-02  ,00:16 ,HST ,0.534746
2026-08-02  ,00:31 ,HST ,0.592422
2026-08-02  ,00:46 ,HST ,0.654297
2026-08-02  ,01:01 ,HST ,0.719109
2026-08-02  ,01:16 ,HST ,0.785639
2026-08-02  ,01:31 ,HST ,0.852433
2026-08-02  ,01:46 ,HST ,0.918277
2026-08-02  ,02:01 ,HST ,0.981917
2026-08-02  ,02:16 ,HST ,1.042152
2026-08-02  ,02:31 ,HST ,1.097913
2026-08-02  ,02:46 ,HST ,1.148036
2026-08-02  ,03:01 ,HST ,1.191657
2026-08-02  ,03:16 ,HST ,1.227968
2026-08-02  ,03:31 ,HST ,1.256295
2026-08-02  ,03:46 ,HST ,1.276129
2026-08-02  ,04:01 ,HST ,1.287047
2026-08-02  ,04:16 ,HST ,1.288818
2026-08-02  ,04:31 ,HST ,1.280641
2026-08-02  ,04:46 ,HST ,1.262389
2026-08-02  ,05:01 ,HST ,1.234439
2026-08-02  ,05:16 ,HST ,1.197271
2026-08-02  ,05:31 ,HST ,1.151640
2026-08-02  ,05:46 ,HST ,1.098508
2026-08-02  ,06:01 ,HST ,1.038819
2026-08-02  ,06:16 ,HST ,0.973822
2026-08-02  ,06:31 ,HST ,0.904829
2026-08-02  ,06:46 ,HST ,0.833321
2026-08-02  ,07:01 ,HST ,0.760610
2026-08-02  ,07:16 ,HST ,0.688277
2026-08-02  ,07:31 ,HST ,0.617913
2026-08-02  ,07:46 ,HST ,0.550865
2026-08-02  ,08:01 ,HST ,0.488662
2026-08-02  ,08:16 ,HST ,0.432745
2026-08-02  ,08:31 ,HST ,0.384275
2026-08-02  ,08:46 ,HST ,0.344481
2026-08-02  ,09:01 ,HST ,0.314409
2026-08-02  ,09:16 ,HST ,0.294851
2026-08-02  ,09:31 ,HST ,0.286526
2026-08-02  ,09:46 ,HST ,0.289363
2026-08-02  ,10:01 ,HST ,0.302414
2026-08-02  ,10:16 ,HST ,0.325711
2026-08-02  ,10:31 ,HST ,0.359171
2026-08-02  ,10:46 ,HST ,0.402551
2026-08-02  ,11:01 ,HST ,0.455455
2026-08-02  ,11:16 ,HST ,0.517337
2026-08-02  ,11:31 ,HST ,0.587506
2026-08-02  ,11:46 ,HST ,0.665235
2026-08-02  ,12:01 ,HST ,0.749402
2026-08-02  ,12:16 ,HST ,0.839042
2026-08-02  ,12:31 ,HST ,0.933014
2026-08-02  ,12:46 ,HST ,1.030100
2026-08-02  ,13:01 ,HST ,1.129027
2026-08-02  ,13:16 ,HST ,1.228483
2026-08-02  ,13:31 ,HST ,1.327137
2026-08-02  ,13:46 ,HST ,1.423658
2026-08-02  ,14:01 ,HST ,1.516738
2026-08-02  ,14:16 ,HST ,1.605204
2026-08-02  ,14:31 ,HST ,1.687642
2026-08-02  ,14:46 ,HST ,1.763023
2026-08-02  ,15:01 ,HST ,1.830305
2026-08-02  ,15:16 ,HST ,1.888557
2026-08-02  ,15:31 ,HST ,1.936969
2026-08-02  ,15:46 ,HST ,1.974868
2026-08-02  ,16:01 ,HST ,2.001722
2026-08-02  ,16:16 ,HST ,2.017154
2026-08-02  ,16:31 ,HST ,2.020922
2026-08-02  ,16:46 ,HST ,2.012181
2026-08-02  ,17:01 ,HST ,1.990677
2026-08-02  ,17:16 ,HST ,1.956684
2026-08-02  ,17:31 ,HST ,1.910729
2026-08-02  ,17:46 ,HST ,1.853504
2026-08-02  ,18:01 ,HST ,1.785948
2026-08-02  ,18:16 ,HST ,1.708933
2026-08-02  ,18:31 ,HST ,1.623679
2026-08-02  ,18:46 ,HST ,1.531462
2026-08-02  ,19:01 ,HST ,1.433762
2026-08-02  ,19:16 ,HST ,1.331812
2026-08-02  ,19:31 ,HST ,1.227215
2026-08-02  ,19:46 ,HST ,1.121496
2026-08-02  ,20:01 ,HST ,1.016295
2026-08-02  ,20:16 ,HST ,0.912889
2026-08-02  ,20:31 ,HST ,0.812850
2026-08-02  ,20:46 ,HST ,0.717567
2026-08-02  ,21:01 ,HST ,0.628430
2026-08-02  ,21:16 ,HST ,0.546428
2026-08-02  ,21:31 ,HST ,0.472717
2026-08-02  ,21:46 ,HST ,0.408204
2026-08-02  ,22:01 ,HST ,0.353692
2026-08-02  ,22:16 ,HST ,0.309640
2026-08-02  ,22:31 ,HST ,0.276514
2026-08-02  ,22:46 ,HST ,0.254533
2026-08-02  ,23:01 ,HST ,0.243739
2026-08-02  ,23:16 ,HST ,0.243848
2026-08-02  ,23:31 ,HST ,0.253927
2026-08-02  ,23:46 ,HST ,0.273448
2026-08-03  ,00:01 ,HST ,0.301859
2026-08-03  ,00:16 ,HST ,0.338533
2026-08-03  ,00:31 ,HST ,0.382603
2026-08-03  ,00:46 ,HST ,0.433228
2026-08-03  ,01:01 ,HST ,0.489447
2026-08-03  ,01:16 ,HST ,0.550306
2026-08-03  ,01:31 ,HST ,0.614588
2026-08-03  ,01:46 ,HST ,0.681254
2026-08-03  ,02:01 ,HST ,0.749180
2026-08-03  ,02:16 ,HST ,0.817325
2026-08-03  ,02:31 ,HST ,0.884433
2026-08-03  ,02:46 ,HST ,0.949523
2026-08-03  ,03:01 ,HST ,1.011587
2026-08-03  ,03:16 ,HST ,1.069751
2026-08-03  ,03:31 ,HST ,1.123028
2026-08-03  ,03:46 ,HST ,1.170726
2026-08-03  ,04:01 ,HST ,1.212195
2026-08-03  ,04:16 ,HST ,1.246935
2026-08-03  ,04:31 ,HST ,1.274455
2026-08-03  ,04:46 ,HST ,1.294514
2026-08-03  ,05:01 ,HST ,1.306963
2026-08-03  ,05:16 ,HST ,1.311786
2026-08-03  ,05:31 ,HST ,1.308043
2026-08-03  ,05:46 ,HST ,1.294300
2026-08-03  ,06:01 ,HST ,1.271122
2026-08-03  ,06:16 ,HST ,1.239205
2026-08-03  ,06:31 ,HST ,1.199532
2026-08-03  ,06:46 ,HST ,1.153086
2026-08-03  ,07:01 ,HST ,1.101101
2026-08-03  ,07:16 ,HST ,1.044942
2026-08-03  ,07:31 ,HST ,0.985870
2026-08-03  ,07:46 ,HST ,0.925381
2026-08-03  ,08:01 ,HST ,0.865003
2026-08-03  ,08:16 ,HST ,0.806071
2026-08-03  ,08:31 ,HST ,0.750141
2026-08-03  ,08:46 ,HST ,0.698473
2026-08-03  ,09:01 ,HST ,0.652427
2026-08-03  ,09:16 ,HST ,0.613231
2026-08-03  ,09:31 ,HST ,0.581865
2026-08-03  ,09:46 ,HST ,0.559307
2026-08-03  ,10:01 ,HST ,0.546258
2026-08-03  ,10:16 ,HST ,0.543261
2026-08-03  ,10:31 ,HST ,0.549145
2026-08-03  ,10:46 ,HST ,0.563334
2026-08-03  ,11:01 ,HST ,0.585855
2026-08-03  ,11:16 ,HST ,0.616555
2026-08-03  ,11:31 ,HST ,0.655105
2026-08-03  ,11:46 ,HST ,0.701175
2026-08-03  ,12:01 ,HST ,0.754184
2026-08-03  ,12:16 ,HST ,0.813395
2026-08-03  ,12:31 ,HST ,0.878167
2026-08-03  ,12:46 ,HST ,0.947563
2026-08-03  ,13:01 ,HST ,1.020536
2026-08-03  ,13:16 ,HST ,1.096221
2026-08-03  ,13:31 ,HST ,1.173360
2026-08-03  ,13:46 ,HST ,1.251000
2026-08-03  ,14:01 ,HST ,1.327904
2026-08-03  ,14:16 ,HST ,1.402831
2026-08-03  ,14:31 ,HST ,1.474809
2026-08-03  ,14:46 ,HST ,1.542636
2026-08-03  ,15:01 ,HST ,1.605178
2026-08-03  ,15:16 ,HST ,1.661572
2026-08-03  ,15:31 ,HST ,1.710816
2026-08-03  ,15:46 ,HST ,1.752034
2026-08-03  ,16:01 ,HST ,1.784589
2026-08-03  ,16:16 ,HST ,1.807817
2026-08-03  ,16:31 ,HST ,1.821218
2026-08-03  ,16:46 ,HST ,1.824471
2026-08-03  ,17:01 ,HST ,1.817435
2026-08-03  ,17:16 ,HST ,1.800068
2026-08-03  ,17:31 ,HST ,1.772456
2026-08-03  ,17:46 ,HST ,1.734889
2026-08-03  ,18:01 ,HST ,1.687681
2026-08-03  ,18:16 ,HST ,1.631412
2026-08-03  ,18:31 ,HST ,1.566838
2026-08-03  ,18:46 ,HST ,1.494629
2026-08-03  ,19:01 ,HST ,1.415778
2026-08-03  ,19:16 ,HST ,1.331405
2026-08-03  ,19:31 ,HST ,1.242437
2026-08-03  ,19:46 ,HST ,1.150142
2026-08-03  ,20:01 ,HST ,1.055848
2026-08-03  ,20:16 ,HST ,0.960606
2026-08-03  ,20:31 ,HST ,0.865885
2026-08-03  ,20:46 ,HST ,0.772733
2026-08-03  ,21:01 ,HST ,0.682479
2026-08-03  ,21:16 ,HST ,0.596392
2026-08-03  ,21:31 ,HST ,0.515394
2026-08-03  ,21:46 ,HST ,0.440608
2026-08-03  ,22:01 ,HST ,0.373035
2026-08-03  ,22:16 ,HST ,0.313345
2026-08-03  ,22:31 ,HST ,0.262309
2026-08-03  ,22:46 ,HST ,0.220528
2026-08-03  ,23:01 ,HST ,0.188334
2026-08-03  ,23:16 ,HST ,0.166051
2026-08-03  ,23:31 ,HST ,0.153815
2026-08-03  ,23:46 ,HST ,0.151544